# Blender 4.1.1
# www.blender.org
mtllib sphere.mtl
o Sphere
v 0.000000 0.831470 -0.555570
v 0.000000 0.555570 -0.831470
v 0.000000 0.195090 -0.980785
v 0.000000 0.000000 -1.000000
v 0.000000 -0.195090 -0.980785
v 0.000000 -0.555570 -0.831470
v 0.038060 0.980785 -0.191342
v 0.074658 0.923880 -0.375330
v 0.108386 0.831470 -0.544895
v 0.137950 0.707107 -0.693520
v 0.162212 0.555570 -0.815493
v 0.180240 0.382683 -0.906127
v 0.191342 0.195090 -0.961940
v 0.195090 0.000000 -0.980785
v 0.191342 -0.195090 -0.961940
v 0.180240 -0.382683 -0.906127
v 0.162212 -0.555570 -0.815493
v 0.137950 -0.707107 -0.693520
v 0.108386 -0.831470 -0.544895
v 0.074658 -0.923880 -0.375330
v 0.038060 -0.980785 -0.191342
v 0.074658 0.980785 -0.180240
v 0.146447 0.923880 -0.353553
v 0.212608 0.831470 -0.513280
v 0.270598 0.707107 -0.653281
v 0.318190 0.555570 -0.768178
v 0.353553 0.382683 -0.853553
v 0.375330 0.195090 -0.906127
v 0.382683 0.000000 -0.923879
v 0.375330 -0.195090 -0.906127
v 0.353553 -0.382683 -0.853553
v 0.318190 -0.555570 -0.768178
v 0.270598 -0.707107 -0.653281
v 0.212608 -0.831470 -0.513280
v 0.146447 -0.923880 -0.353553
v 0.074658 -0.980785 -0.180240
v 0.108386 0.980785 -0.162212
v 0.212608 0.923880 -0.318190
v 0.308658 0.831470 -0.461940
v 0.392847 0.707107 -0.587938
v 0.461940 0.555570 -0.691342
v 0.513280 0.382683 -0.768178
v 0.544895 0.195090 -0.815493
v 0.555570 0.000000 -0.831469
v 0.544895 -0.195090 -0.815493
v 0.513280 -0.382683 -0.768178
v 0.461940 -0.555570 -0.691342
v 0.392847 -0.707107 -0.587938
v 0.308658 -0.831470 -0.461940
v 0.212608 -0.923880 -0.318190
v 0.108386 -0.980785 -0.162212
v 0.137950 0.980785 -0.137950
v 0.270598 0.923880 -0.270598
v 0.392847 0.831470 -0.392847
v 0.500000 0.707107 -0.500000
v 0.587938 0.555570 -0.587938
v 0.653281 0.382683 -0.653281
v 0.693520 0.195090 -0.693520
v 0.707107 0.000000 -0.707107
v 0.693520 -0.195090 -0.693520
v 0.653281 -0.382683 -0.653281
v 0.587938 -0.555570 -0.587938
v 0.500000 -0.707107 -0.500000
v 0.392847 -0.831470 -0.392847
v 0.270598 -0.923880 -0.270598
v 0.137950 -0.980785 -0.137950
v 0.162212 0.980785 -0.108386
v 0.318190 0.923880 -0.212608
v 0.461940 0.831470 -0.308658
v 0.587938 0.707107 -0.392847
v 0.691342 0.555570 -0.461940
v 0.768178 0.382683 -0.513280
v 0.815493 0.195090 -0.544895
v 0.831470 0.000000 -0.555570
v 0.815493 -0.195090 -0.544895
v 0.768178 -0.382683 -0.513280
v 0.691342 -0.555570 -0.461940
v 0.587938 -0.707107 -0.392847
v 0.461940 -0.831470 -0.308658
v 0.318190 -0.923880 -0.212608
v 0.162212 -0.980785 -0.108386
v 0.000000 1.000000 0.000000
v 0.180240 0.980785 -0.074658
v 0.353553 0.923880 -0.146447
v 0.513280 0.831470 -0.212607
v 0.653281 0.707107 -0.270598
v 0.768178 0.555570 -0.318190
v 0.853553 0.382683 -0.353553
v 0.906127 0.195090 -0.375330
v 0.923879 0.000000 -0.382683
v 0.906127 -0.195090 -0.375330
v 0.853553 -0.382683 -0.353553
v 0.768178 -0.555570 -0.318190
v 0.653281 -0.707107 -0.270598
v 0.513280 -0.831470 -0.212607
v 0.353553 -0.923880 -0.146447
v 0.180240 -0.980785 -0.074658
v 0.191342 0.980785 -0.038060
v 0.375330 0.923880 -0.074658
v 0.544895 0.831470 -0.108386
v 0.693520 0.707107 -0.137950
v 0.815493 0.555570 -0.162212
v 0.906127 0.382683 -0.180240
v 0.961940 0.195090 -0.191342
v 0.980785 0.000000 -0.195090
v 0.961940 -0.195090 -0.191342
v 0.906127 -0.382683 -0.180240
v 0.815493 -0.555570 -0.162212
v 0.693520 -0.707107 -0.137950
v 0.544895 -0.831470 -0.108386
v 0.375330 -0.923880 -0.074658
v 0.191342 -0.980785 -0.038060
v 0.195090 0.980785 0.000000
v 0.382683 0.923880 0.000000
v 0.555570 0.831470 0.000000
v 0.707107 0.707107 -0.000000
v 0.831469 0.555570 0.000000
v 0.923879 0.382683 -0.000000
v 0.980785 0.195090 0.000000
v 1.000000 0.000000 0.000000
v 0.980785 -0.195090 0.000000
v 0.923879 -0.382683 -0.000000
v 0.831469 -0.555570 0.000000
v 0.707107 -0.707107 -0.000000
v 0.555570 -0.831470 0.000000
v 0.382683 -0.923880 0.000000
v 0.195090 -0.980785 0.000000
v 0.191342 0.980785 0.038060
v 0.375330 0.923880 0.074658
v 0.544895 0.831470 0.108386
v 0.693520 0.707107 0.137950
v 0.815493 0.555570 0.162212
v 0.906127 0.382683 0.180240
v 0.961940 0.195090 0.191342
v 0.980785 0.000000 0.195090
v 0.961940 -0.195090 0.191342
v 0.906127 -0.382683 0.180240
v 0.815493 -0.555570 0.162212
v 0.693520 -0.707107 0.137950
v 0.544895 -0.831470 0.108386
v 0.375330 -0.923880 0.074658
v 0.191342 -0.980785 0.038060
v 0.180240 0.980785 0.074658
v 0.353553 0.923880 0.146447
v 0.513280 0.831470 0.212608
v 0.653281 0.707107 0.270598
v 0.768178 0.555570 0.318190
v 0.853553 0.382683 0.353553
v 0.906127 0.195090 0.375330
v 0.923879 0.000000 0.382683
v 0.906127 -0.195090 0.375330
v 0.853553 -0.382683 0.353553
v 0.768178 -0.555570 0.318190
v 0.653281 -0.707107 0.270598
v 0.513280 -0.831470 0.212608
v 0.353553 -0.923880 0.146447
v 0.180240 -0.980785 0.074658
v 0.162212 0.980785 0.108386
v 0.318190 0.923880 0.212608
v 0.461940 0.831470 0.308658
v 0.587938 0.707107 0.392847
v 0.691341 0.555570 0.461940
v 0.768178 0.382683 0.513280
v 0.815493 0.195090 0.544895
v 0.831469 0.000000 0.555570
v 0.815493 -0.195090 0.544895
v 0.768178 -0.382683 0.513280
v 0.691341 -0.555570 0.461940
v 0.587938 -0.707107 0.392847
v 0.461940 -0.831470 0.308658
v 0.318190 -0.923880 0.212608
v 0.162212 -0.980785 0.108386
v 0.137950 0.980785 0.137950
v 0.270598 0.923880 0.270598
v 0.392847 0.831470 0.392847
v 0.500000 0.707107 0.500000
v 0.587938 0.555570 0.587938
v 0.653281 0.382683 0.653281
v 0.693520 0.195090 0.693520
v 0.707106 0.000000 0.707107
v 0.693520 -0.195090 0.693520
v 0.653281 -0.382683 0.653281
v 0.587938 -0.555570 0.587938
v 0.500000 -0.707107 0.500000
v 0.392847 -0.831470 0.392847
v 0.270598 -0.923880 0.270598
v 0.137950 -0.980785 0.137950
v 0.108386 0.980785 0.162212
v 0.212607 0.923880 0.318190
v 0.308658 0.831470 0.461940
v 0.392847 0.707107 0.587938
v 0.461940 0.555570 0.691342
v 0.513280 0.382683 0.768178
v 0.544895 0.195090 0.815493
v 0.555570 0.000000 0.831469
v 0.544895 -0.195090 0.815493
v 0.513280 -0.382683 0.768178
v 0.461940 -0.555570 0.691342
v 0.392847 -0.707107 0.587938
v 0.308658 -0.831470 0.461940
v 0.212607 -0.923880 0.318190
v 0.108386 -0.980785 0.162212
v 0.074658 0.980785 0.180240
v 0.146447 0.923880 0.353553
v 0.212607 0.831470 0.513280
v 0.270598 0.707107 0.653281
v 0.318189 0.555570 0.768178
v 0.353553 0.382683 0.853553
v 0.375330 0.195090 0.906127
v 0.382683 0.000000 0.923879
v 0.375330 -0.195090 0.906127
v 0.353553 -0.382683 0.853553
v 0.318189 -0.555570 0.768178
v 0.270598 -0.707107 0.653281
v 0.212607 -0.831470 0.513280
v 0.146447 -0.923880 0.353553
v 0.074658 -0.980785 0.180240
v 0.038060 0.980785 0.191342
v 0.074658 0.923880 0.375330
v 0.108386 0.831470 0.544895
v 0.137950 0.707107 0.693520
v 0.162212 0.555570 0.815493
v 0.180240 0.382683 0.906127
v 0.191342 0.195090 0.961939
v 0.195090 0.000000 0.980785
v 0.191342 -0.195090 0.961939
v 0.180240 -0.382683 0.906127
v 0.162212 -0.555570 0.815493
v 0.137950 -0.707107 0.693520
v 0.108386 -0.831470 0.544895
v 0.074658 -0.923880 0.375330
v 0.038060 -0.980785 0.191342
v -0.000000 0.980785 0.195090
v -0.000000 0.923880 0.382683
v -0.000000 0.831470 0.555570
v -0.000000 0.707107 0.707107
v -0.000000 0.555570 0.831469
v 0.000000 0.382683 0.923879
v -0.000000 0.195090 0.980785
v -0.000000 0.000000 0.999999
v -0.000000 -0.195090 0.980785
v 0.000000 -0.382683 0.923879
v -0.000000 -0.555570 0.831469
v -0.000000 -0.707107 0.707107
v -0.000000 -0.831470 0.555570
v -0.000000 -0.923880 0.382683
v -0.000000 -0.980785 0.195090
v -0.038060 0.980785 0.191342
v -0.074658 0.923880 0.375330
v -0.108386 0.831470 0.544895
v -0.137950 0.707107 0.693520
v -0.162212 0.555570 0.815493
v -0.180240 0.382683 0.906127
v -0.191342 0.195090 0.961939
v -0.195091 0.000000 0.980785
v -0.191342 -0.195090 0.961939
v -0.180240 -0.382683 0.906127
v -0.162212 -0.555570 0.815493
v -0.137950 -0.707107 0.693520
v -0.108386 -0.831470 0.544895
v -0.074658 -0.923880 0.375330
v -0.038060 -0.980785 0.191342
v -0.074658 0.980785 0.180240
v -0.146447 0.923880 0.353553
v -0.212608 0.831470 0.513280
v -0.270598 0.707107 0.653281
v -0.318190 0.555570 0.768177
v -0.353553 0.382683 0.853553
v -0.375330 0.195090 0.906127
v -0.382683 0.000000 0.923879
v -0.375330 -0.195090 0.906127
v -0.353553 -0.382683 0.853553
v -0.318190 -0.555570 0.768177
v -0.270598 -0.707107 0.653281
v -0.212608 -0.831470 0.513280
v -0.146447 -0.923880 0.353553
v -0.074658 -0.980785 0.180240
v -0.108386 0.980785 0.162212
v -0.212608 0.923880 0.318190
v -0.308658 0.831470 0.461939
v -0.392847 0.707107 0.587938
v -0.461940 0.555570 0.691341
v -0.513280 0.382683 0.768178
v -0.544895 0.195090 0.815493
v -0.555570 0.000000 0.831469
v -0.544895 -0.195090 0.815493
v -0.513280 -0.382683 0.768178
v -0.461940 -0.555570 0.691341
v -0.392847 -0.707107 0.587938
v -0.308658 -0.831470 0.461939
v -0.212608 -0.923880 0.318190
v -0.108386 -0.980785 0.162212
v -0.137950 0.980785 0.137950
v -0.270598 0.923880 0.270598
v -0.392847 0.831470 0.392847
v -0.500000 0.707107 0.500000
v -0.587938 0.555570 0.587937
v -0.653281 0.382683 0.653281
v -0.693520 0.195090 0.693520
v -0.707106 0.000000 0.707106
v -0.693520 -0.195090 0.693520
v -0.653281 -0.382683 0.653281
v -0.587938 -0.555570 0.587937
v -0.500000 -0.707107 0.500000
v -0.392847 -0.831470 0.392847
v -0.270598 -0.923880 0.270598
v -0.137950 -0.980785 0.137950
v 0.000000 -1.000000 0.000000
v -0.162212 0.980785 0.108386
v -0.318190 0.923880 0.212607
v -0.461940 0.831470 0.308658
v -0.587938 0.707107 0.392847
v -0.691341 0.555570 0.461939
v -0.768177 0.382683 0.513280
v -0.815493 0.195090 0.544895
v -0.831469 0.000000 0.555569
v -0.815493 -0.195090 0.544895
v -0.768177 -0.382683 0.513280
v -0.691341 -0.555570 0.461939
v -0.587938 -0.707107 0.392847
v -0.461940 -0.831470 0.308658
v -0.318190 -0.923880 0.212607
v -0.162212 -0.980785 0.108386
v -0.180240 0.980785 0.074658
v -0.353553 0.923880 0.146447
v -0.513280 0.831470 0.212607
v -0.653281 0.707107 0.270598
v -0.768177 0.555570 0.318189
v -0.853553 0.382683 0.353553
v -0.906127 0.195090 0.375330
v -0.923879 0.000000 0.382683
v -0.906127 -0.195090 0.375330
v -0.853553 -0.382683 0.353553
v -0.768177 -0.555570 0.318189
v -0.653281 -0.707107 0.270598
v -0.513280 -0.831470 0.212607
v -0.353553 -0.923880 0.146447
v -0.180240 -0.980785 0.074658
v -0.191342 0.980785 0.038060
v -0.375330 0.923880 0.074658
v -0.544895 0.831470 0.108386
v -0.693520 0.707107 0.137950
v -0.815493 0.555570 0.162211
v -0.906127 0.382683 0.180240
v -0.961939 0.195090 0.191341
v -0.980784 0.000000 0.195090
v -0.961939 -0.195090 0.191341
v -0.906127 -0.382683 0.180240
v -0.815493 -0.555570 0.162211
v -0.693520 -0.707107 0.137950
v -0.544895 -0.831470 0.108386
v -0.375330 -0.923880 0.074658
v -0.191342 -0.980785 0.038060
v -0.195090 0.980785 -0.000000
v -0.382683 0.923880 -0.000000
v -0.555570 0.831470 -0.000000
v -0.707107 0.707107 -0.000000
v -0.831469 0.555570 -0.000000
v -0.923879 0.382683 -0.000000
v -0.980785 0.195090 -0.000000
v -0.999999 0.000000 -0.000000
v -0.980785 -0.195090 -0.000000
v -0.923879 -0.382683 -0.000000
v -0.831469 -0.555570 -0.000000
v -0.707107 -0.707107 -0.000000
v -0.555570 -0.831470 -0.000000
v -0.382683 -0.923880 -0.000000
v -0.195090 -0.980785 -0.000000
v -0.191342 0.980785 -0.038060
v -0.375330 0.923880 -0.074658
v -0.544895 0.831470 -0.108386
v -0.693520 0.707107 -0.137950
v -0.815493 0.555570 -0.162212
v -0.906127 0.382683 -0.180240
v -0.961939 0.195090 -0.191342
v -0.980784 0.000000 -0.195091
v -0.961939 -0.195090 -0.191342
v -0.906127 -0.382683 -0.180240
v -0.815493 -0.555570 -0.162212
v -0.693520 -0.707107 -0.137950
v -0.544895 -0.831470 -0.108386
v -0.375330 -0.923880 -0.074658
v -0.191342 -0.980785 -0.038060
v -0.180240 0.980785 -0.074658
v -0.353553 0.923880 -0.146447
v -0.513279 0.831470 -0.212607
v -0.653281 0.707107 -0.270598
v -0.768177 0.555570 -0.318190
v -0.853553 0.382683 -0.353553
v -0.906127 0.195090 -0.375330
v -0.923878 0.000000 -0.382683
v -0.906127 -0.195090 -0.375330
v -0.853553 -0.382683 -0.353553
v -0.768177 -0.555570 -0.318190
v -0.653281 -0.707107 -0.270598
v -0.513279 -0.831470 -0.212607
v -0.353553 -0.923880 -0.146447
v -0.180240 -0.980785 -0.074658
v -0.162212 0.980785 -0.108386
v -0.318189 0.923880 -0.212607
v -0.461939 0.831470 -0.308658
v -0.587938 0.707107 -0.392847
v -0.691341 0.555570 -0.461940
v -0.768177 0.382683 -0.513280
v -0.815493 0.195090 -0.544895
v -0.831468 0.000000 -0.555570
v -0.815493 -0.195090 -0.544895
v -0.768177 -0.382683 -0.513280
v -0.691341 -0.555570 -0.461940
v -0.587938 -0.707107 -0.392847
v -0.461939 -0.831470 -0.308658
v -0.318189 -0.923880 -0.212607
v -0.162212 -0.980785 -0.108386
v -0.137950 0.980785 -0.137950
v -0.270598 0.923880 -0.270598
v -0.392847 0.831470 -0.392847
v -0.500000 0.707107 -0.500000
v -0.587937 0.555570 -0.587938
v -0.653281 0.382683 -0.653281
v -0.693519 0.195090 -0.693520
v -0.707106 0.000000 -0.707106
v -0.693519 -0.195090 -0.693520
v -0.653281 -0.382683 -0.653281
v -0.587937 -0.555570 -0.587938
v -0.500000 -0.707107 -0.500000
v -0.392847 -0.831470 -0.392847
v -0.270598 -0.923880 -0.270598
v -0.137950 -0.980785 -0.137950
v -0.108386 0.980785 -0.162212
v -0.212607 0.923880 -0.318190
v -0.308658 0.831470 -0.461939
v -0.392847 0.707107 -0.587938
v -0.461939 0.555570 -0.691341
v -0.513280 0.382683 -0.768177
v -0.544895 0.195090 -0.815493
v -0.555569 0.000000 -0.831469
v -0.544895 -0.195090 -0.815493
v -0.513280 -0.382683 -0.768177
v -0.461939 -0.555570 -0.691341
v -0.392847 -0.707107 -0.587938
v -0.308658 -0.831470 -0.461939
v -0.212607 -0.923880 -0.318190
v -0.108386 -0.980785 -0.162212
v -0.074658 0.980785 -0.180240
v -0.146446 0.923880 -0.353553
v -0.212607 0.831470 -0.513279
v -0.270598 0.707107 -0.653281
v -0.318189 0.555570 -0.768177
v -0.353553 0.382683 -0.853553
v -0.375330 0.195090 -0.906127
v -0.382683 0.000000 -0.923879
v -0.375330 -0.195090 -0.906127
v -0.353553 -0.382683 -0.853553
v -0.318189 -0.555570 -0.768177
v -0.270598 -0.707107 -0.653281
v -0.212607 -0.831470 -0.513279
v -0.146446 -0.923880 -0.353553
v -0.074658 -0.980785 -0.180240
v -0.038060 0.980785 -0.191342
v -0.074658 0.923880 -0.375330
v -0.108386 0.831470 -0.544895
v -0.137950 0.707107 -0.693520
v -0.162211 0.555570 -0.815493
v -0.180240 0.382683 -0.906127
v -0.191341 0.195090 -0.961939
v -0.195090 0.000000 -0.980784
v -0.191341 -0.195090 -0.961939
v -0.180240 -0.382683 -0.906127
v -0.162211 -0.555570 -0.815493
v -0.137950 -0.707107 -0.693520
v -0.108386 -0.831470 -0.544895
v -0.074658 -0.923880 -0.375330
v -0.038060 -0.980785 -0.191342
v 0.000000 0.980785 -0.195090
v 0.000000 0.923880 -0.382683
v 0.000000 0.707107 -0.707107
v 0.000000 0.382683 -0.923879
v 0.000000 -0.382683 -0.923879
v 0.000000 -0.707107 -0.707107
v 0.000000 -0.831470 -0.555570
v 0.000000 -0.923880 -0.382683
v 0.000000 -0.980785 -0.195090
v 0.000000 0.097545 -0.990393
v 0.000000 -0.097545 -0.990393
v 0.056359 0.952332 -0.283336
v 0.091522 0.877675 -0.460113
v 0.123168 0.769288 -0.619208
v 0.150081 0.631338 -0.754506
v 0.171226 0.469127 -0.860810
v 0.185791 0.288887 -0.934034
v 0.193216 0.097545 -0.971362
v 0.193216 -0.097545 -0.971362
v 0.185791 -0.288887 -0.934034
v 0.171226 -0.469127 -0.860810
v 0.150081 -0.631338 -0.754506
v 0.123168 -0.769288 -0.619208
v 0.091522 -0.877675 -0.460113
v 0.056359 -0.952332 -0.283336
v 0.095671 -0.195090 -0.971362
v 0.097545 0.000000 -0.990393
v 0.054193 0.831470 -0.550233
v 0.081106 -0.555570 -0.823481
v 0.081106 0.555570 -0.823481
v 0.095671 0.195090 -0.971362
v 0.110552 0.952332 -0.266897
v 0.179527 0.877675 -0.433417
v 0.241603 0.769288 -0.583281
v 0.294394 0.631338 -0.710730
v 0.335871 0.469127 -0.810866
v 0.364442 0.288887 -0.879840
v 0.379007 0.097545 -0.915003
v 0.379007 -0.097545 -0.915003
v 0.364442 -0.288887 -0.879840
v 0.335871 -0.469127 -0.810866
v 0.294394 -0.631338 -0.710730
v 0.241603 -0.769288 -0.583281
v 0.179527 -0.877675 -0.433417
v 0.110552 -0.952332 -0.266897
v 0.056359 -0.980785 -0.185791
v 0.110552 -0.923880 -0.364442
v 0.288887 0.000000 -0.952332
v 0.283336 0.195090 -0.934034
v 0.056359 0.980785 -0.185791
v 0.283336 -0.195090 -0.934034
v 0.110552 0.923880 -0.364442
v 0.266897 -0.382683 -0.879840
v 0.160497 0.831470 -0.529088
v 0.240201 -0.555570 -0.791835
v 0.204274 0.707107 -0.673401
v 0.204274 -0.707107 -0.673401
v 0.240201 0.555570 -0.791835
v 0.160497 -0.831470 -0.529088
v 0.266897 0.382683 -0.879840
v 0.160497 0.952332 -0.240201
v 0.260633 0.877675 -0.390065
v 0.350753 0.769288 -0.524939
v 0.427394 0.631338 -0.639640
v 0.487610 0.469127 -0.729760
v 0.529088 0.288887 -0.791835
v 0.550233 0.097545 -0.823481
v 0.550233 -0.097545 -0.823481
v 0.529088 -0.288887 -0.791835
v 0.487610 -0.469127 -0.729760
v 0.427394 -0.631338 -0.639640
v 0.350753 -0.769288 -0.524939
v 0.260633 -0.877675 -0.390065
v 0.160497 -0.952332 -0.240201
v 0.331723 -0.707107 -0.620610
v 0.390065 -0.555570 -0.729760
v 0.390065 0.555570 -0.729760
v 0.331723 0.707107 -0.620610
v 0.260633 -0.831470 -0.487610
v 0.433417 0.382683 -0.810866
v 0.179527 -0.923880 -0.335872
v 0.460113 0.195090 -0.860810
v 0.091522 -0.980785 -0.171226
v 0.469127 0.000000 -0.877674
v 0.091522 0.980785 -0.171226
v 0.460113 -0.195090 -0.860810
v 0.179527 0.923880 -0.335872
v 0.433417 -0.382683 -0.810866
v 0.260633 0.831470 -0.487610
v 0.204274 0.952332 -0.204274
v 0.331723 0.877675 -0.331723
v 0.446424 0.769288 -0.446424
v 0.543969 0.631338 -0.543969
v 0.620610 0.469127 -0.620610
v 0.673401 0.288887 -0.673401
v 0.700313 0.097545 -0.700313
v 0.700313 -0.097545 -0.700313
v 0.673401 -0.288887 -0.673401
v 0.620610 -0.469127 -0.620610
v 0.543969 -0.631338 -0.543969
v 0.446424 -0.769288 -0.446424
v 0.331723 -0.877675 -0.331723
v 0.204274 -0.952332 -0.204274
v 0.123168 0.980785 -0.150081
v 0.123168 -0.980785 -0.150081
v 0.619208 -0.195090 -0.754506
v 0.631338 0.000000 -0.769288
v 0.241603 0.923880 -0.294394
v 0.583281 -0.382683 -0.710730
v 0.350753 0.831470 -0.427394
v 0.524939 -0.555570 -0.639640
v 0.446424 0.707107 -0.543969
v 0.446424 -0.707107 -0.543969
v 0.524939 0.555570 -0.639640
v 0.350753 -0.831470 -0.427394
v 0.583281 0.382683 -0.710730
v 0.241603 -0.923880 -0.294394
v 0.619208 0.195090 -0.754506
v 0.240201 0.952332 -0.160497
v 0.390065 0.877675 -0.260633
v 0.524939 0.769288 -0.350753
v 0.639640 0.631338 -0.427394
v 0.729760 0.469127 -0.487610
v 0.791835 0.288887 -0.529087
v 0.823481 0.097545 -0.550233
v 0.823481 -0.097545 -0.550233
v 0.791835 -0.288887 -0.529087
v 0.729760 -0.469127 -0.487610
v 0.639640 -0.631338 -0.427394
v 0.524939 -0.769288 -0.350753
v 0.390065 -0.877675 -0.260633
v 0.240201 -0.952332 -0.160497
v 0.639640 0.555570 -0.524939
v 0.543969 0.707107 -0.446424
v 0.427394 -0.831470 -0.350753
v 0.543969 -0.707107 -0.446424
v 0.710729 0.382683 -0.583281
v 0.294394 -0.923880 -0.241603
v 0.754506 0.195090 -0.619207
v 0.150081 -0.980785 -0.123168
v 0.769288 0.000000 -0.631338
v 0.150081 0.980785 -0.123168
v 0.754506 -0.195090 -0.619207
v 0.294394 0.923880 -0.241603
v 0.710729 -0.382683 -0.583281
v 0.427394 0.831470 -0.350753
v 0.639640 -0.555570 -0.524939
v 0.090120 0.990393 -0.037329
v 0.266897 0.952332 -0.110552
v 0.433417 0.877675 -0.179527
v 0.583281 0.769288 -0.241603
v 0.710730 0.631338 -0.294394
v 0.810865 0.469127 -0.335871
v 0.879840 0.288887 -0.364442
v 0.915003 0.097545 -0.379007
v 0.915003 -0.097545 -0.379007
v 0.879840 -0.288887 -0.364442
v 0.810865 -0.469127 -0.335871
v 0.710730 -0.631338 -0.294394
v 0.583281 -0.769288 -0.241603
v 0.433417 -0.877675 -0.179527
v 0.266897 -0.952332 -0.110552
v 0.860810 -0.195090 -0.460113
v 0.877674 0.000000 -0.469127
v 0.335872 0.923880 -0.179527
v 0.171226 0.980785 -0.091522
v 0.810865 -0.382683 -0.433417
v 0.487610 0.831470 -0.260633
v 0.729760 -0.555570 -0.390065
v 0.620610 0.707107 -0.331723
v 0.620610 -0.707107 -0.331723
v 0.729760 0.555570 -0.390065
v 0.487610 -0.831470 -0.260633
v 0.810865 0.382683 -0.433417
v 0.335872 -0.923880 -0.179527
v 0.860810 0.195090 -0.460113
v 0.171226 -0.980785 -0.091522
v 0.283336 0.952332 -0.056359
v 0.460113 0.877675 -0.091522
v 0.619208 0.769288 -0.123168
v 0.754506 0.631338 -0.150081
v 0.860810 0.469127 -0.171226
v 0.934034 0.288887 -0.185791
v 0.971362 0.097545 -0.193216
v 0.971362 -0.097545 -0.193216
v 0.934034 -0.288887 -0.185791
v 0.860810 -0.469127 -0.171226
v 0.754506 -0.631338 -0.150081
v 0.619208 -0.769288 -0.123168
v 0.460113 -0.877675 -0.091522
v 0.283336 -0.952332 -0.056359
v 0.529087 -0.831470 -0.160497
v 0.673401 -0.707107 -0.204274
v 0.879840 0.382683 -0.266897
v 0.791835 0.555570 -0.240201
v 0.364442 -0.923880 -0.110552
v 0.934034 0.195090 -0.283336
v 0.185791 -0.980785 -0.056359
v 0.952332 0.000000 -0.288887
v 0.185791 0.980785 -0.056359
v 0.934034 -0.195090 -0.283336
v 0.364442 0.923880 -0.110552
v 0.879840 -0.382683 -0.266897
v 0.529087 0.831470 -0.160497
v 0.791835 -0.555570 -0.240201
v 0.673401 0.707107 -0.204274
v 0.288887 0.952332 0.000000
v 0.469127 0.877675 0.000000
v 0.631338 0.769288 0.000000
v 0.769288 0.631338 0.000000
v 0.877674 0.469127 0.000000
v 0.952332 0.288887 0.000000
v 0.990392 0.097545 0.000000
v 0.990392 -0.097545 0.000000
v 0.952332 -0.288887 0.000000
v 0.877674 -0.469127 0.000000
v 0.769288 -0.631338 0.000000
v 0.631338 -0.769288 0.000000
v 0.469127 -0.877675 0.000000
v 0.288887 -0.952332 0.000000
v 0.379007 0.923880 -0.037329
v 0.193216 0.980785 -0.019030
v 0.915003 -0.382683 -0.090120
v 0.971362 -0.195090 -0.095671
v 0.550233 0.831470 -0.054193
v 0.823481 -0.555570 -0.081106
v 0.700313 0.707107 -0.068975
v 0.700313 -0.707107 -0.068975
v 0.823481 0.555570 -0.081106
v 0.550233 -0.831470 -0.054193
v 0.915003 0.382683 -0.090120
v 0.379007 -0.923880 -0.037329
v 0.971362 0.195090 -0.095671
v 0.193216 -0.980785 -0.019030
v 0.990392 0.000000 -0.097545
v 0.283336 0.952332 0.056359
v 0.460113 0.877675 0.091522
v 0.619207 0.769288 0.123168
v 0.754506 0.631338 0.150081
v 0.860810 0.469127 0.171226
v 0.934033 0.288887 0.185791
v 0.971362 0.097545 0.193216
v 0.971362 -0.097545 0.193216
v 0.934033 -0.288887 0.185791
v 0.860810 -0.469127 0.171226
v 0.754506 -0.631338 0.150081
v 0.619207 -0.769288 0.123168
v 0.460113 -0.877675 0.091522
v 0.283336 -0.952332 0.056359
v 0.915003 0.382683 0.090120
v 0.823481 0.555570 0.081106
v 0.379007 -0.923880 0.037329
v 0.550233 -0.831470 0.054193
v 0.971362 0.195090 0.095671
v 0.193216 -0.980785 0.019030
v 0.990392 0.000000 0.097545
v 0.193216 0.980785 0.019030
v 0.971362 -0.195090 0.095671
v 0.379007 0.923880 0.037329
v 0.915003 -0.382683 0.090120
v 0.550233 0.831470 0.054193
v 0.823481 -0.555570 0.081106
v 0.700313 0.707107 0.068975
v 0.700313 -0.707107 0.068975
v 0.266897 0.952332 0.110552
v 0.433417 0.877675 0.179527
v 0.583281 0.769288 0.241603
v 0.710729 0.631338 0.294394
v 0.810865 0.469127 0.335871
v 0.879840 0.288887 0.364442
v 0.915003 0.097545 0.379007
v 0.915003 -0.097545 0.379007
v 0.879840 -0.288887 0.364442
v 0.810865 -0.469127 0.335871
v 0.710729 -0.631338 0.294394
v 0.583281 -0.769288 0.241603
v 0.433417 -0.877675 0.179527
v 0.266897 -0.952332 0.110552
v 0.879840 -0.382683 0.266897
v 0.934033 -0.195090 0.283336
v 0.529087 0.831470 0.160497
v 0.364442 0.923880 0.110552
v 0.791835 -0.555570 0.240201
v 0.673401 0.707107 0.204274
v 0.673401 -0.707107 0.204274
v 0.791835 0.555570 0.240201
v 0.529087 -0.831470 0.160497
v 0.879840 0.382683 0.266897
v 0.364442 -0.923880 0.110552
v 0.934033 0.195090 0.283336
v 0.185791 -0.980785 0.056359
v 0.952332 0.000000 0.288887
v 0.185791 0.980785 0.056359
v 0.240201 0.952332 0.160497
v 0.390065 0.877675 0.260633
v 0.524939 0.769288 0.350753
v 0.639640 0.631338 0.427394
v 0.729760 0.469127 0.487610
v 0.791835 0.288887 0.529087
v 0.823481 0.097545 0.550233
v 0.823481 -0.097545 0.550233
v 0.791835 -0.288887 0.529087
v 0.729760 -0.469127 0.487610
v 0.639640 -0.631338 0.427394
v 0.524939 -0.769288 0.350753
v 0.390065 -0.877675 0.260633
v 0.240201 -0.952332 0.160497
v 0.335871 -0.923880 0.179527
v 0.487610 -0.831470 0.260633
v 0.860810 0.195090 0.460113
v 0.810865 0.382683 0.433417
v 0.171226 -0.980785 0.091522
v 0.877674 0.000000 0.469127
v 0.171226 0.980785 0.091522
v 0.860810 -0.195090 0.460113
v 0.335871 0.923880 0.179527
v 0.810865 -0.382683 0.433417
v 0.487610 0.831470 0.260633
v 0.729759 -0.555570 0.390065
v 0.620610 0.707107 0.331723
v 0.620610 -0.707107 0.331723
v 0.729759 0.555570 0.390065
v 0.204274 0.952332 0.204274
v 0.331723 0.877675 0.331723
v 0.446424 0.769288 0.446424
v 0.543969 0.631338 0.543969
v 0.620609 0.469127 0.620610
v 0.673401 0.288887 0.673401
v 0.700313 0.097545 0.700313
v 0.700313 -0.097545 0.700313
v 0.673401 -0.288887 0.673401
v 0.620609 -0.469127 0.620610
v 0.543969 -0.631338 0.543969
v 0.446424 -0.769288 0.446424
v 0.331723 -0.877675 0.331723
v 0.204274 -0.952332 0.204274
v 0.639639 -0.555570 0.524939
v 0.710729 -0.382683 0.583281
v 0.543969 0.707107 0.446424
v 0.427393 0.831470 0.350753
v 0.543969 -0.707107 0.446424
v 0.639639 0.555570 0.524939
v 0.427393 -0.831470 0.350753
v 0.710729 0.382683 0.583281
v 0.294394 -0.923880 0.241603
v 0.754506 0.195090 0.619207
v 0.150081 -0.980785 0.123168
v 0.769288 0.000000 0.631338
v 0.150081 0.980785 0.123168
v 0.754506 -0.195090 0.619207
v 0.294394 0.923880 0.241603
v 0.160497 0.952332 0.240201
v 0.260633 0.877675 0.390065
v 0.350753 0.769288 0.524939
v 0.427393 0.631338 0.639640
v 0.487610 0.469127 0.729760
v 0.529087 0.288887 0.791835
v 0.550232 0.097545 0.823481
v 0.550232 -0.097545 0.823481
v 0.529087 -0.288887 0.791835
v 0.487610 -0.469127 0.729760
v 0.427393 -0.631338 0.639640
v 0.350753 -0.769288 0.524939
v 0.260633 -0.877675 0.390065
v 0.160497 -0.952332 0.240201
v 0.123168 -0.980785 0.150081
v 0.241603 -0.923880 0.294394
v 0.631338 0.000000 0.769288
v 0.619207 0.195090 0.754506
v 0.123168 0.980785 0.150081
v 0.619207 -0.195090 0.754506
v 0.241603 0.923880 0.294394
v 0.583281 -0.382683 0.710729
v 0.350753 0.831470 0.427394
v 0.524939 -0.555570 0.639640
v 0.446424 0.707107 0.543969
v 0.446424 -0.707107 0.543969
v 0.524939 0.555570 0.639640
v 0.350753 -0.831470 0.427394
v 0.583281 0.382683 0.710729
v 0.110552 0.952332 0.266897
v 0.179527 0.877675 0.433417
v 0.241603 0.769288 0.583281
v 0.294394 0.631338 0.710729
v 0.335871 0.469127 0.810865
v 0.364442 0.288887 0.879840
v 0.379007 0.097545 0.915003
v 0.379007 -0.097545 0.915003
v 0.364442 -0.288887 0.879840
v 0.335871 -0.469127 0.810865
v 0.294394 -0.631338 0.710729
v 0.241603 -0.769288 0.583281
v 0.179527 -0.877675 0.433417
v 0.110552 -0.952332 0.266897
v 0.331723 0.707107 0.620610
v 0.260633 0.831470 0.487610
v 0.331723 -0.707107 0.620610
v 0.390064 -0.555570 0.729760
v 0.390064 0.555570 0.729760
v 0.260633 -0.831470 0.487610
v 0.433417 0.382683 0.810865
v 0.179527 -0.923880 0.335871
v 0.460112 0.195090 0.860810
v 0.091522 -0.980785 0.171226
v 0.469126 0.000000 0.877674
v 0.091522 0.980785 0.171226
v 0.460112 -0.195090 0.860810
v 0.179527 0.923880 0.335871
v 0.433417 -0.382683 0.810865
v 0.056359 0.952332 0.283336
v 0.091522 0.877675 0.460113
v 0.123168 0.769288 0.619207
v 0.150081 0.631338 0.754506
v 0.171226 0.469127 0.860810
v 0.185791 0.288887 0.934033
v 0.193216 0.097545 0.971362
v 0.193216 -0.097545 0.971362
v 0.185791 -0.288887 0.934033
v 0.171226 -0.469127 0.860810
v 0.150081 -0.631338 0.754506
v 0.123168 -0.769288 0.619207
v 0.091522 -0.877675 0.460113
v 0.056359 -0.952332 0.283336
v 0.288886 0.000000 0.952332
v 0.283336 0.195090 0.934033
v 0.056359 0.980785 0.185791
v 0.056359 -0.980785 0.185791
v 0.283336 -0.195090 0.934033
v 0.110552 0.923880 0.364442
v 0.266897 -0.382683 0.879840
v 0.160497 0.831470 0.529087
v 0.240200 -0.555570 0.791835
v 0.204274 0.707107 0.673401
v 0.204274 -0.707107 0.673401
v 0.240200 0.555570 0.791835
v 0.160497 -0.831470 0.529087
v 0.266897 0.382683 0.879840
v 0.110552 -0.923880 0.364442
v -0.000000 0.952332 0.288887
v -0.000000 0.877675 0.469127
v -0.000000 0.769288 0.631338
v -0.000000 0.631338 0.769288
v -0.000000 0.469127 0.877674
v -0.000000 0.288887 0.952332
v -0.000000 0.097545 0.990392
v -0.000000 -0.097545 0.990392
v -0.000000 -0.288887 0.952332
v -0.000000 -0.469127 0.877674
v -0.000000 -0.631338 0.769288
v -0.000000 -0.769288 0.631338
v -0.000000 -0.877675 0.469127
v -0.000000 -0.952332 0.288887
v 0.068975 -0.707107 0.700313
v 0.081106 -0.555570 0.823481
v 0.081106 0.555570 0.823481
v 0.068975 0.707107 0.700313
v 0.054193 -0.831470 0.550232
v 0.090120 0.382683 0.915003
v 0.037329 -0.923880 0.379007
v 0.095671 0.195090 0.971362
v 0.019030 -0.980785 0.193216
v 0.097545 0.000000 0.990392
v 0.019030 0.980785 0.193216
v 0.095671 -0.195090 0.971362
v 0.037329 0.923880 0.379007
v 0.090120 -0.382683 0.915003
v 0.054193 0.831470 0.550232
v -0.056359 0.952332 0.283336
v -0.091522 0.877675 0.460113
v -0.123168 0.769288 0.619207
v -0.150081 0.631338 0.754506
v -0.171226 0.469127 0.860810
v -0.185791 0.288887 0.934033
v -0.193216 0.097545 0.971362
v -0.193216 -0.097545 0.971362
v -0.185791 -0.288887 0.934033
v -0.171226 -0.469127 0.860810
v -0.150081 -0.631338 0.754506
v -0.123168 -0.769288 0.619207
v -0.091522 -0.877675 0.460113
v -0.056359 -0.952332 0.283336
v -0.019030 0.980785 0.193216
v -0.019030 -0.980785 0.193216
v -0.095671 -0.195090 0.971362
v -0.097545 0.000000 0.990392
v -0.037329 0.923880 0.379007
v -0.090120 -0.382683 0.915003
v -0.054193 0.831470 0.550232
v -0.081106 -0.555570 0.823481
v -0.068975 0.707107 0.700313
v -0.068975 -0.707107 0.700313
v -0.081106 0.555570 0.823481
v -0.054193 -0.831470 0.550232
v -0.090120 0.382683 0.915003
v -0.037329 -0.923880 0.379007
v -0.095671 0.195090 0.971362
v -0.110552 0.952332 0.266897
v -0.179527 0.877675 0.433416
v -0.241603 0.769288 0.583280
v -0.294394 0.631338 0.710729
v -0.335871 0.469127 0.810865
v -0.364442 0.288887 0.879840
v -0.379007 0.097545 0.915003
v -0.379007 -0.097545 0.915003
v -0.364442 -0.288887 0.879840
v -0.335871 -0.469127 0.810865
v -0.294394 -0.631338 0.710729
v -0.241603 -0.769288 0.583280
v -0.179527 -0.877675 0.433416
v -0.110552 -0.952332 0.266897
v -0.240201 0.555570 0.791835
v -0.204274 0.707107 0.673401
v -0.160497 -0.831470 0.529087
v -0.204274 -0.707107 0.673401
v -0.266897 0.382683 0.879840
v -0.110552 -0.923880 0.364442
v -0.283336 0.195090 0.934033
v -0.056359 -0.980785 0.185791
v -0.288887 0.000000 0.952332
v -0.056359 0.980785 0.185791
v -0.283336 -0.195090 0.934033
v -0.110552 0.923880 0.364442
v -0.266897 -0.382683 0.879840
v -0.160497 0.831470 0.529087
v -0.240201 -0.555570 0.791835
v -0.160497 0.952332 0.240201
v -0.260633 0.877675 0.390064
v -0.350753 0.769288 0.524939
v -0.427394 0.631338 0.639639
v -0.487610 0.469127 0.729759
v -0.529087 0.288887 0.791835
v -0.550233 0.097545 0.823481
v -0.550233 -0.097545 0.823481
v -0.529087 -0.288887 0.791835
v -0.487610 -0.469127 0.729759
v -0.427394 -0.631338 0.639639
v -0.350753 -0.769288 0.524939
v -0.260633 -0.877675 0.390064
v -0.160497 -0.952332 0.240201
v -0.460113 -0.195090 0.860810
v -0.469127 0.000000 0.877674
v -0.179527 0.923880 0.335871
v -0.091522 0.980785 0.171226
v -0.433416 -0.382683 0.810865
v -0.260633 0.831470 0.487610
v -0.390065 -0.555570 0.729759
v -0.331723 0.707107 0.620610
v -0.331723 -0.707107 0.620610
v -0.390065 0.555570 0.729759
v -0.260633 -0.831470 0.487610
v -0.433416 0.382683 0.810865
v -0.179527 -0.923880 0.335871
v -0.460113 0.195090 0.860810
v -0.091522 -0.980785 0.171226
v -0.204274 0.952332 0.204274
v -0.331723 0.877675 0.331723
v -0.446424 0.769288 0.446424
v -0.543969 0.631338 0.543969
v -0.620609 0.469127 0.620609
v -0.673401 0.288887 0.673400
v -0.700313 0.097545 0.700313
v -0.700313 -0.097545 0.700313
v -0.673401 -0.288887 0.673400
v -0.620609 -0.469127 0.620609
v -0.543969 -0.631338 0.543969
v -0.446424 -0.769288 0.446424
v -0.331723 -0.877675 0.331723
v -0.204274 -0.952332 0.204274
v -0.068975 -0.990393 0.068975
v -0.350753 -0.831470 0.427393
v -0.446424 -0.707107 0.543969
v -0.583280 0.382683 0.710729
v -0.524939 0.555570 0.639639
v -0.241603 -0.923880 0.294394
v -0.619207 0.195090 0.754506
v -0.123168 -0.980785 0.150081
v -0.631338 0.000000 0.769287
v -0.123168 0.980785 0.150081
v -0.619207 -0.195090 0.754506
v -0.241603 0.923880 0.294394
v -0.583280 -0.382683 0.710729
v -0.350753 0.831470 0.427393
v -0.524939 -0.555570 0.639639
v -0.446424 0.707107 0.543969
v -0.240201 0.952332 0.160497
v -0.390065 0.877675 0.260633
v -0.524939 0.769288 0.350753
v -0.639640 0.631338 0.427393
v -0.729759 0.469127 0.487610
v -0.791835 0.288887 0.529087
v -0.823481 0.097545 0.550232
v -0.823481 -0.097545 0.550232
v -0.791835 -0.288887 0.529087
v -0.729759 -0.469127 0.487610
v -0.639640 -0.631338 0.427393
v -0.524939 -0.769288 0.350753
v -0.390065 -0.877675 0.260633
v -0.240201 -0.952332 0.160497
v -0.710729 -0.382683 0.583281
v -0.754506 -0.195090 0.619207
v -0.427393 0.831470 0.350753
v -0.294394 0.923880 0.241603
v -0.639639 -0.555570 0.524938
v -0.543969 0.707107 0.446424
v -0.543969 -0.707107 0.446424
v -0.639639 0.555570 0.524938
v -0.427393 -0.831470 0.350753
v -0.710729 0.382683 0.583281
v -0.294394 -0.923880 0.241603
v -0.754506 0.195090 0.619207
v -0.150081 -0.980785 0.123168
v -0.769288 0.000000 0.631338
v -0.150081 0.980785 0.123168
v -0.266897 0.952332 0.110552
v -0.433416 0.877675 0.179527
v -0.583280 0.769288 0.241603
v -0.710729 0.631338 0.294394
v -0.810865 0.469127 0.335871
v -0.879840 0.288887 0.364442
v -0.915003 0.097545 0.379006
v -0.915003 -0.097545 0.379006
v -0.879840 -0.288887 0.364442
v -0.810865 -0.469127 0.335871
v -0.710729 -0.631338 0.294394
v -0.583280 -0.769288 0.241603
v -0.433416 -0.877675 0.179527
v -0.266897 -0.952332 0.110552
v -0.335871 -0.923880 0.179527
v -0.487610 -0.831470 0.260633
v -0.860810 0.195090 0.460112
v -0.810865 0.382683 0.433417
v -0.171226 -0.980785 0.091522
v -0.877674 0.000000 0.469126
v -0.171226 0.980785 0.091522
v -0.860810 -0.195090 0.460112
v -0.335871 0.923880 0.179527
v -0.810865 -0.382683 0.433417
v -0.487610 0.831470 0.260633
v -0.729759 -0.555570 0.390064
v -0.620610 0.707107 0.331723
v -0.620610 -0.707107 0.331723
v -0.729759 0.555570 0.390064
v -0.283336 0.952332 0.056359
v -0.460112 0.877675 0.091522
v -0.619207 0.769288 0.123168
v -0.754506 0.631338 0.150081
v -0.860810 0.469127 0.171226
v -0.934033 0.288887 0.185791
v -0.971362 0.097545 0.193216
v -0.971362 -0.097545 0.193216
v -0.934033 -0.288887 0.185791
v -0.860810 -0.469127 0.171226
v -0.754506 -0.631338 0.150081
v -0.619207 -0.769288 0.123168
v -0.460112 -0.877675 0.091522
v -0.283336 -0.952332 0.056359
v -0.529087 0.831470 0.160497
v -0.364442 0.923880 0.110552
v -0.791835 -0.555570 0.240200
v -0.879840 -0.382683 0.266897
v -0.673401 0.707107 0.204274
v -0.673401 -0.707107 0.204274
v -0.791835 0.555570 0.240200
v -0.529087 -0.831470 0.160497
v -0.879840 0.382683 0.266897
v -0.364442 -0.923880 0.110552
v -0.934033 0.195090 0.283336
v -0.185791 -0.980785 0.056359
v -0.952332 0.000000 0.288886
v -0.185791 0.980785 0.056359
v -0.934033 -0.195090 0.283336
v -0.288887 0.952332 -0.000000
v -0.469127 0.877675 -0.000000
v -0.631338 0.769288 -0.000000
v -0.769288 0.631338 -0.000000
v -0.877674 0.469127 -0.000000
v -0.952332 0.288887 -0.000000
v -0.990392 0.097545 -0.000000
v -0.990392 -0.097545 -0.000000
v -0.952332 -0.288887 -0.000000
v -0.877674 -0.469127 -0.000000
v -0.769288 -0.631338 -0.000000
v -0.631338 -0.769288 -0.000000
v -0.469127 -0.877675 -0.000000
v -0.288887 -0.952332 -0.000000
v -0.971362 0.195090 0.095671
v -0.915003 0.382683 0.090120
v -0.193216 -0.980785 0.019030
v -0.379007 -0.923880 0.037329
v -0.990392 0.000000 0.097545
v -0.193216 0.980785 0.019030
v -0.971362 -0.195090 0.095671
v -0.379007 0.923880 0.037329
v -0.915003 -0.382683 0.090120
v -0.550232 0.831470 0.054193
v -0.823481 -0.555570 0.081106
v -0.700313 0.707107 0.068975
v -0.700313 -0.707107 0.068975
v -0.823481 0.555570 0.081106
v -0.550232 -0.831470 0.054193
v -0.283336 0.952332 -0.056359
v -0.460112 0.877675 -0.091522
v -0.619207 0.769288 -0.123168
v -0.754506 0.631338 -0.150081
v -0.860810 0.469127 -0.171226
v -0.934033 0.288887 -0.185791
v -0.971362 0.097545 -0.193216
v -0.971362 -0.097545 -0.193216
v -0.934033 -0.288887 -0.185791
v -0.860810 -0.469127 -0.171226
v -0.754506 -0.631338 -0.150081
v -0.619207 -0.769288 -0.123168
v -0.460112 -0.877675 -0.091522
v -0.283336 -0.952332 -0.056359
v -0.823481 -0.555570 -0.081106
v -0.915003 -0.382683 -0.090120
v -0.700313 0.707107 -0.068975
v -0.550232 0.831470 -0.054193
v -0.700313 -0.707107 -0.068975
v -0.823481 0.555570 -0.081106
v -0.550232 -0.831470 -0.054193
v -0.915003 0.382683 -0.090120
v -0.379007 -0.923880 -0.037329
v -0.971362 0.195090 -0.095671
v -0.193216 -0.980785 -0.019030
v -0.990392 0.000000 -0.097546
v -0.193216 0.980785 -0.019030
v -0.971362 -0.195090 -0.095671
v -0.379007 0.923880 -0.037329
v -0.266896 0.952332 -0.110552
v -0.433416 0.877675 -0.179527
v -0.583280 0.769288 -0.241603
v -0.710729 0.631338 -0.294394
v -0.810865 0.469127 -0.335871
v -0.879840 0.288887 -0.364442
v -0.915003 0.097545 -0.379007
v -0.915003 -0.097545 -0.379007
v -0.879840 -0.288887 -0.364442
v -0.810865 -0.469127 -0.335871
v -0.710729 -0.631338 -0.294394
v -0.583280 -0.769288 -0.241603
v -0.433416 -0.877675 -0.179527
v -0.266896 -0.952332 -0.110552
v -0.185791 -0.980785 -0.056359
v -0.364442 -0.923880 -0.110552
v -0.952331 0.000000 -0.288887
v -0.934033 0.195090 -0.283336
v -0.185791 0.980785 -0.056359
v -0.934033 -0.195090 -0.283336
v -0.364442 0.923880 -0.110552
v -0.879840 -0.382683 -0.266897
v -0.529087 0.831470 -0.160497
v -0.791835 -0.555570 -0.240201
v -0.673401 0.707107 -0.204274
v -0.673401 -0.707107 -0.204274
v -0.791835 0.555570 -0.240201
v -0.529087 -0.831470 -0.160497
v -0.879840 0.382683 -0.266897
v -0.240200 0.952332 -0.160497
v -0.390064 0.877675 -0.260633
v -0.524938 0.769288 -0.350753
v -0.639639 0.631338 -0.427393
v -0.729759 0.469127 -0.487610
v -0.791835 0.288887 -0.529087
v -0.823480 0.097545 -0.550233
v -0.823480 -0.097545 -0.550233
v -0.791835 -0.288887 -0.529087
v -0.729759 -0.469127 -0.487610
v -0.639639 -0.631338 -0.427393
v -0.524938 -0.769288 -0.350753
v -0.390064 -0.877675 -0.260633
v -0.240200 -0.952332 -0.160497
v -0.620609 0.707107 -0.331723
v -0.487609 0.831470 -0.260633
v -0.620609 -0.707107 -0.331723
v -0.729759 -0.555570 -0.390065
v -0.729759 0.555570 -0.390065
v -0.487609 -0.831470 -0.260633
v -0.810865 0.382683 -0.433416
v -0.335871 -0.923880 -0.179527
v -0.860810 0.195090 -0.460113
v -0.171226 -0.980785 -0.091522
v -0.877673 0.000000 -0.469127
v -0.171226 0.980785 -0.091522
v -0.860810 -0.195090 -0.460113
v -0.335871 0.923880 -0.179527
v -0.810865 -0.382683 -0.433416
v -0.204274 0.952332 -0.204274
v -0.331722 0.877675 -0.331723
v -0.446423 0.769288 -0.446424
v -0.543969 0.631338 -0.543969
v -0.620609 0.469127 -0.620609
v -0.673400 0.288887 -0.673400
v -0.700312 0.097545 -0.700313
v -0.700312 -0.097545 -0.700313
v -0.673400 -0.288887 -0.673400
v -0.620609 -0.469127 -0.620609
v -0.543969 -0.631338 -0.543969
v -0.446423 -0.769288 -0.446424
v -0.331722 -0.877675 -0.331723
v -0.204274 -0.952332 -0.204274
v -0.769287 0.000000 -0.631338
v -0.754506 0.195090 -0.619207
v -0.150081 0.980785 -0.123168
v -0.150081 -0.980785 -0.123168
v -0.754506 -0.195090 -0.619207
v -0.294394 0.923880 -0.241603
v -0.710729 -0.382683 -0.583280
v -0.427393 0.831470 -0.350753
v -0.639639 -0.555570 -0.524939
v -0.543969 0.707107 -0.446424
v -0.543969 -0.707107 -0.446424
v -0.639639 0.555570 -0.524939
v -0.427393 -0.831470 -0.350753
v -0.710729 0.382683 -0.583280
v -0.294394 -0.923880 -0.241603
v -0.160497 0.952332 -0.240201
v -0.260633 0.877675 -0.390064
v -0.350753 0.769288 -0.524939
v -0.427393 0.631338 -0.639639
v -0.487609 0.469127 -0.729759
v -0.529087 0.288887 -0.791835
v -0.550232 0.097545 -0.823481
v -0.550232 -0.097545 -0.823481
v -0.529087 -0.288887 -0.791835
v -0.487609 -0.469127 -0.729759
v -0.427393 -0.631338 -0.639639
v -0.350753 -0.769288 -0.524939
v -0.260633 -0.877675 -0.390064
v -0.160497 -0.952332 -0.240201
v -0.446424 -0.707107 -0.543969
v -0.524938 -0.555570 -0.639639
v -0.524938 0.555570 -0.639639
v -0.446424 0.707107 -0.543969
v -0.350752 -0.831470 -0.427393
v -0.583280 0.382683 -0.710729
v -0.241603 -0.923880 -0.294394
v -0.619207 0.195090 -0.754506
v -0.123168 -0.980785 -0.150081
v -0.631337 0.000000 -0.769288
v -0.123168 0.980785 -0.150081
v -0.619207 -0.195090 -0.754506
v -0.241603 0.923880 -0.294394
v -0.583280 -0.382683 -0.710729
v -0.350752 0.831470 -0.427393
v -0.110552 0.952332 -0.266896
v -0.179527 0.877675 -0.433416
v -0.241603 0.769288 -0.583280
v -0.294394 0.631338 -0.710729
v -0.335871 0.469127 -0.810865
v -0.364441 0.288887 -0.879840
v -0.379006 0.097545 -0.915003
v -0.379006 -0.097545 -0.915003
v -0.364441 -0.288887 -0.879840
v -0.335871 -0.469127 -0.810865
v -0.294394 -0.631338 -0.710729
v -0.241603 -0.769288 -0.583280
v -0.179527 -0.877675 -0.433416
v -0.110552 -0.952332 -0.266896
v -0.091522 -0.980785 -0.171226
v -0.460112 -0.195090 -0.860810
v -0.469126 0.000000 -0.877674
v -0.179527 0.923880 -0.335871
v -0.091522 0.980785 -0.171226
v -0.433416 -0.382683 -0.810865
v -0.260632 0.831470 -0.487609
v -0.390064 -0.555570 -0.729759
v -0.331723 0.707107 -0.620610
v -0.331723 -0.707107 -0.620610
v -0.390064 0.555570 -0.729759
v -0.260632 -0.831470 -0.487609
v -0.433416 0.382683 -0.810865
v -0.179527 -0.923880 -0.335871
v -0.460112 0.195090 -0.860810
v -0.056359 0.952332 -0.283336
v -0.091522 0.877675 -0.460112
v -0.123168 0.769288 -0.619207
v -0.150080 0.631338 -0.754506
v -0.171226 0.469127 -0.860810
v -0.185791 0.288887 -0.934033
v -0.193215 0.097545 -0.971362
v -0.193215 -0.097545 -0.971362
v -0.185791 -0.288887 -0.934033
v -0.171226 -0.469127 -0.860810
v -0.150080 -0.631338 -0.754506
v -0.123168 -0.769288 -0.619207
v -0.091522 -0.877675 -0.460112
v -0.056359 -0.952332 -0.283336
v -0.160497 -0.831470 -0.529087
v -0.204274 -0.707107 -0.673401
v -0.266896 0.382683 -0.879840
v -0.240200 0.555570 -0.791835
v -0.110552 -0.923880 -0.364442
v -0.283336 0.195090 -0.934033
v -0.056359 -0.980785 -0.185791
v -0.288886 0.000000 -0.952331
v -0.056359 0.980785 -0.185791
v -0.283336 -0.195090 -0.934033
v -0.110552 0.923880 -0.364442
v -0.266896 -0.382683 -0.879840
v -0.160497 0.831470 -0.529087
v -0.240200 -0.555570 -0.791835
v -0.204274 0.707107 -0.673401
v 0.000000 0.952332 -0.288887
v 0.000000 -0.769288 -0.631338
v 0.000000 -0.877675 -0.469126
v 0.000000 -0.952332 -0.288887
v -0.037329 0.923880 -0.379007
v -0.019030 0.980785 -0.193216
v -0.090120 -0.382683 -0.915003
v -0.068975 0.707107 -0.700313
v -0.068975 -0.707107 -0.700313
v -0.054193 -0.831470 -0.550232
v -0.090120 0.382683 -0.915003
v -0.037329 -0.923880 -0.379007
v -0.019030 -0.980785 -0.193216
v 0.000000 0.990393 -0.097545
v 0.000000 0.877675 -0.469127
v 0.000000 0.769288 -0.631338
v 0.000000 0.631338 -0.769288
v 0.000000 0.469127 -0.877674
v 0.000000 0.288887 -0.952332
v 0.000000 -0.288887 -0.952332
v 0.000000 -0.469127 -0.877674
v 0.000000 -0.631338 -0.769288
v 0.000000 -0.990393 -0.097545
v 0.019030 0.990393 -0.095671
v 0.019030 -0.990393 -0.095671
v 0.037329 0.923880 -0.379007
v 0.019030 0.980785 -0.193216
v 0.090120 -0.382683 -0.915003
v 0.068975 0.707107 -0.700313
v 0.068975 -0.707107 -0.700313
v 0.054193 -0.831470 -0.550232
v 0.090120 0.382683 -0.915003
v 0.037329 -0.923880 -0.379007
v 0.019030 -0.980785 -0.193216
v 0.037329 0.990393 -0.090120
v 0.037329 -0.990393 -0.090120
v 0.054193 0.990393 -0.081106
v 0.054193 -0.990393 -0.081106
v 0.068975 0.990393 -0.068975
v 0.068975 -0.990393 -0.068975
v 0.081106 0.990393 -0.054193
v 0.081106 -0.990393 -0.054193
v 0.090120 -0.990393 -0.037329
v 0.095671 0.990393 -0.019030
v 0.095671 -0.990393 -0.019030
v 0.097545 0.990393 0.000000
v 0.097545 -0.990393 0.000000
v 0.095671 0.990393 0.019030
v 0.095671 -0.990393 0.019030
v 0.090120 0.990393 0.037329
v 0.090120 -0.990393 0.037329
v 0.081106 0.990393 0.054193
v 0.081106 -0.990393 0.054193
v 0.068975 0.990393 0.068975
v 0.068975 -0.990393 0.068975
v 0.054193 0.990393 0.081106
v 0.054193 -0.990393 0.081106
v 0.037329 0.990393 0.090120
v 0.037329 -0.990393 0.090120
v 0.019030 0.990393 0.095671
v 0.019030 -0.990393 0.095671
v -0.000000 0.990393 0.097545
v -0.000000 -0.990393 0.097545
v -0.019030 0.990393 0.095671
v -0.019030 -0.990393 0.095671
v -0.037329 0.990393 0.090120
v -0.037329 -0.990393 0.090120
v -0.054193 0.990393 0.081106
v -0.054193 -0.990393 0.081106
v -0.068975 0.990393 0.068975
v -0.081106 0.990393 0.054193
v -0.081106 -0.990393 0.054193
v -0.090120 0.990393 0.037329
v -0.090120 -0.990393 0.037329
v -0.095671 0.990393 0.019030
v -0.095671 -0.990393 0.019030
v -0.097545 0.990393 -0.000000
v -0.097545 -0.990393 -0.000000
v -0.095671 0.990393 -0.019030
v -0.095671 -0.990393 -0.019030
v -0.090120 0.990393 -0.037329
v -0.090120 -0.990393 -0.037329
v -0.081106 0.990393 -0.054193
v -0.081106 -0.990393 -0.054193
v -0.068975 0.990393 -0.068975
v -0.068975 -0.990393 -0.068975
v -0.054193 0.990393 -0.081106
v -0.054193 -0.990393 -0.081106
v -0.037329 0.990393 -0.090120
v -0.037329 -0.990393 -0.090120
v -0.019030 0.990393 -0.095671
v -0.019030 -0.990393 -0.095671
v -0.095671 -0.195090 -0.971362
v -0.054193 0.831470 -0.550232
v -0.081106 -0.555570 -0.823481
v -0.081106 0.555570 -0.823481
v -0.095671 0.195090 -0.971362
v -0.097545 0.000000 -0.990392
v -0.096608 -0.097545 -0.980877
v -0.096608 0.097545 -0.980877
v -0.028179 -0.952332 -0.286111
v -0.092895 0.288887 -0.943183
v -0.045761 -0.877675 -0.464619
v -0.085613 0.469127 -0.869242
v -0.061584 -0.769288 -0.625273
v -0.075040 0.631338 -0.761897
v -0.075040 -0.631338 -0.761897
v -0.061584 0.769288 -0.625273
v -0.085613 -0.469127 -0.869242
v -0.045761 0.877675 -0.464620
v -0.092895 -0.288887 -0.943183
v -0.028179 0.952332 -0.286111
v -0.222237 0.631338 -0.732618
v -0.222237 -0.631338 -0.732618
v -0.182385 0.769288 -0.601244
v -0.253548 -0.469127 -0.835837
v -0.135524 0.877675 -0.446764
v -0.275116 -0.288887 -0.906937
v -0.083456 0.952332 -0.275116
v -0.286111 -0.097545 -0.943182
v -0.286111 0.097545 -0.943182
v -0.083456 -0.952332 -0.275116
v -0.275116 0.288887 -0.906937
v -0.135524 -0.877675 -0.446764
v -0.253548 0.469127 -0.835837
v -0.182385 -0.769288 -0.601244
v -0.464619 0.097545 -0.869242
v -0.135524 -0.952332 -0.253549
v -0.446764 0.288887 -0.835838
v -0.220080 -0.877675 -0.411740
v -0.411740 0.469127 -0.770312
v -0.296178 -0.769288 -0.554109
v -0.360893 0.631338 -0.675184
v -0.360893 -0.631338 -0.675184
v -0.296178 0.769288 -0.554109
v -0.411740 -0.469127 -0.770312
v -0.220080 0.877675 -0.411740
v -0.446764 -0.288887 -0.835838
v -0.135524 0.952332 -0.253549
v -0.464619 -0.097545 -0.869242
v -0.398588 0.769288 -0.485681
v -0.554109 -0.469127 -0.675184
v -0.296178 0.877675 -0.360894
v -0.601244 -0.288887 -0.732618
v -0.182385 0.952332 -0.222237
v -0.625272 -0.097545 -0.761897
v -0.625272 0.097545 -0.761897
v -0.182385 -0.952332 -0.222237
v -0.601244 0.288887 -0.732618
v -0.296178 -0.877675 -0.360894
v -0.554109 0.469127 -0.675184
v -0.398588 -0.769288 -0.485681
v -0.485681 0.631338 -0.591804
v -0.485681 -0.631338 -0.591804
v -0.222237 -0.952332 -0.182385
v -0.732618 0.288887 -0.601244
v -0.360893 -0.877675 -0.296178
v -0.675184 0.469127 -0.554110
v -0.485681 -0.769288 -0.398588
v -0.591804 0.631338 -0.485681
v -0.591804 -0.631338 -0.485681
v -0.485681 0.769288 -0.398588
v -0.675184 -0.469127 -0.554110
v -0.360893 0.877675 -0.296178
v -0.732618 -0.288887 -0.601244
v -0.222237 0.952332 -0.182385
v -0.761896 -0.097545 -0.625273
v -0.761896 0.097545 -0.625273
v -0.770312 -0.469127 -0.411741
v -0.411740 0.877675 -0.220080
v -0.835837 -0.288887 -0.446765
v -0.253548 0.952332 -0.135525
v -0.869242 -0.097545 -0.464620
v -0.869242 0.097545 -0.464620
v -0.253548 -0.952332 -0.135525
v -0.835837 0.288887 -0.446765
v -0.411740 -0.877675 -0.220080
v -0.770312 0.469127 -0.411741
v -0.554109 -0.769288 -0.296178
v -0.675184 0.631338 -0.360894
v -0.675184 -0.631338 -0.360894
v -0.554109 0.769288 -0.296178
v -0.906937 0.288887 -0.275116
v -0.446764 -0.877675 -0.135525
v -0.835837 0.469127 -0.253549
v -0.601244 -0.769288 -0.182385
v -0.732618 0.631338 -0.222237
v -0.732618 -0.631338 -0.222237
v -0.601244 0.769288 -0.182385
v -0.835837 -0.469127 -0.253549
v -0.446764 0.877675 -0.135525
v -0.906937 -0.288887 -0.275116
v -0.275116 0.952332 -0.083456
v -0.943182 -0.097545 -0.286112
v -0.943182 0.097545 -0.286112
v -0.275116 -0.952332 -0.083456
v -0.464619 0.877675 -0.045761
v -0.943183 -0.288887 -0.092896
v -0.286111 0.952332 -0.028180
v -0.980877 -0.097545 -0.096608
v -0.980877 0.097545 -0.096608
v -0.286111 -0.952332 -0.028180
v -0.943183 0.288887 -0.092896
v -0.464619 -0.877675 -0.045761
v -0.869242 0.469127 -0.085613
v -0.625273 -0.769288 -0.061584
v -0.761897 0.631338 -0.075040
v -0.761897 -0.631338 -0.075040
v -0.625273 0.769288 -0.061584
v -0.869242 -0.469127 -0.085613
v -0.464619 -0.877675 0.045761
v -0.869242 0.469127 0.085613
v -0.625273 -0.769288 0.061584
v -0.761897 0.631338 0.075040
v -0.761897 -0.631338 0.075040
v -0.625273 0.769288 0.061584
v -0.869242 -0.469127 0.085613
v -0.464619 0.877675 0.045761
v -0.943183 -0.288887 0.092895
v -0.286111 0.952332 0.028179
v -0.980877 -0.097545 0.096608
v -0.980877 0.097545 0.096608
v -0.286111 -0.952332 0.028179
v -0.943183 0.288887 0.092895
v -0.906937 -0.288887 0.275116
v -0.275116 0.952332 0.083456
v -0.943182 -0.097545 0.286111
v -0.943182 0.097545 0.286111
v -0.275116 -0.952332 0.083456
v -0.906937 0.288887 0.275116
v -0.446764 -0.877675 0.135524
v -0.835838 0.469127 0.253548
v -0.601244 -0.769288 0.182385
v -0.732618 0.631338 0.222237
v -0.732618 -0.631338 0.222237
v -0.601244 0.769288 0.182385
v -0.835838 -0.469127 0.253548
v -0.446764 0.877675 0.135524
v -0.770312 0.469127 0.411740
v -0.554110 -0.769288 0.296178
v -0.675184 0.631338 0.360894
v -0.675184 -0.631338 0.360894
v -0.554110 0.769288 0.296178
v -0.770312 -0.469127 0.411740
v -0.411740 0.877675 0.220080
v -0.835838 -0.288887 0.446764
v -0.253549 0.952332 0.135524
v -0.869242 -0.097545 0.464619
v -0.869242 0.097545 0.464619
v -0.253549 -0.952332 0.135524
v -0.835838 0.288887 0.446764
v -0.411740 -0.877675 0.220080
v -0.222237 0.952332 0.182385
v -0.761897 -0.097545 0.625272
v -0.761897 0.097545 0.625272
v -0.222237 -0.952332 0.182385
v -0.732618 0.288887 0.601244
v -0.360894 -0.877675 0.296178
v -0.675184 0.469127 0.554109
v -0.485681 -0.769288 0.398588
v -0.591804 0.631338 0.485681
v -0.591804 -0.631338 0.485681
v -0.485681 0.769288 0.398588
v -0.675184 -0.469127 0.554109
v -0.360894 0.877675 0.296178
v -0.732618 -0.288887 0.601244
v -0.485681 0.631338 0.591804
v -0.485681 -0.631338 0.591804
v -0.398588 0.769288 0.485681
v -0.554110 -0.469127 0.675184
v -0.296178 0.877675 0.360893
v -0.601244 -0.288887 0.732618
v -0.182385 0.952332 0.222237
v -0.625273 -0.097545 0.761897
v -0.625273 0.097545 0.761897
v -0.182385 -0.952332 0.222237
v -0.601244 0.288887 0.732618
v -0.296178 -0.877675 0.360893
v -0.554110 0.469127 0.675184
v -0.398588 -0.769288 0.485681
v -0.464620 0.097545 0.869242
v -0.135525 -0.952332 0.253549
v -0.446765 0.288887 0.835838
v -0.220080 -0.877675 0.411740
v -0.411741 0.469127 0.770312
v -0.296178 -0.769288 0.554109
v -0.360894 0.631338 0.675184
v -0.360894 -0.631338 0.675184
v -0.296178 0.769288 0.554109
v -0.411741 -0.469127 0.770312
v -0.220080 0.877675 0.411740
v -0.446765 -0.288887 0.835838
v -0.135525 0.952332 0.253549
v -0.464620 -0.097545 0.869242
v -0.222237 -0.631338 0.732618
v -0.182385 0.769288 0.601244
v -0.253549 -0.469127 0.835838
v -0.135525 0.877675 0.446764
v -0.275116 -0.288887 0.906937
v -0.083456 0.952332 0.275116
v -0.286112 -0.097545 0.943182
v -0.286112 0.097545 0.943182
v -0.083456 -0.952332 0.275116
v -0.275116 0.288887 0.906937
v -0.135525 -0.877675 0.446764
v -0.253549 0.469127 0.835838
v -0.182385 -0.769288 0.601244
v -0.222237 0.631338 0.732618
v -0.096608 0.097545 0.980877
v -0.028180 -0.952332 0.286111
v -0.092895 0.288887 0.943183
v -0.045761 -0.877675 0.464620
v -0.085613 0.469127 0.869242
v -0.061584 -0.769288 0.625273
v -0.075040 0.631338 0.761897
v -0.075040 -0.631338 0.761897
v -0.061584 0.769288 0.625273
v -0.085613 -0.469127 0.869242
v -0.045761 0.877675 0.464620
v -0.092895 -0.288887 0.943183
v -0.028180 0.952332 0.286111
v -0.096608 -0.097545 0.980877
v 0.061584 0.769288 0.625273
v 0.085613 -0.469127 0.869242
v 0.045761 0.877675 0.464620
v 0.092895 -0.288887 0.943183
v 0.028179 0.952332 0.286111
v 0.096608 -0.097545 0.980877
v 0.096608 0.097545 0.980877
v 0.028179 -0.952332 0.286111
v 0.092895 0.288887 0.943183
v 0.045761 -0.877675 0.464620
v 0.085613 0.469127 0.869242
v 0.061584 -0.769288 0.625273
v 0.075040 0.631338 0.761897
v 0.075040 -0.631338 0.761897
v 0.083456 -0.952332 0.275116
v 0.275116 0.288887 0.906937
v 0.135524 -0.877675 0.446765
v 0.253549 0.469127 0.835838
v 0.182385 -0.769288 0.601244
v 0.222237 0.631338 0.732618
v 0.222237 -0.631338 0.732618
v 0.182385 0.769288 0.601244
v 0.253549 -0.469127 0.835838
v 0.135524 0.877675 0.446765
v 0.275116 -0.288887 0.906937
v 0.083456 0.952332 0.275116
v 0.286111 -0.097545 0.943183
v 0.286111 0.097545 0.943183
v 0.411741 -0.469127 0.770312
v 0.220080 0.877675 0.411741
v 0.446765 -0.288887 0.835838
v 0.135525 0.952332 0.253549
v 0.464619 -0.097545 0.869242
v 0.464619 0.097545 0.869242
v 0.135525 -0.952332 0.253549
v 0.446765 0.288887 0.835838
v 0.220080 -0.877675 0.411741
v 0.411741 0.469127 0.770312
v 0.296178 -0.769288 0.554110
v 0.360894 0.631338 0.675185
v 0.360894 -0.631338 0.675185
v 0.296178 0.769288 0.554110
v 0.601244 0.288887 0.732618
v 0.296178 -0.877675 0.360894
v 0.554110 0.469127 0.675185
v 0.398588 -0.769288 0.485681
v 0.485681 0.631338 0.591804
v 0.485681 -0.631338 0.591804
v 0.398588 0.769288 0.485681
v 0.554110 -0.469127 0.675185
v 0.296178 0.877675 0.360894
v 0.601244 -0.288887 0.732618
v 0.182385 0.952332 0.222237
v 0.625273 -0.097545 0.761897
v 0.625273 0.097545 0.761897
v 0.182385 -0.952332 0.222237
v 0.360894 0.877675 0.296178
v 0.732618 -0.288887 0.601244
v 0.222237 0.952332 0.182385
v 0.761897 -0.097545 0.625273
v 0.761897 0.097545 0.625273
v 0.222237 -0.952332 0.182385
v 0.732618 0.288887 0.601244
v 0.360894 -0.877675 0.296178
v 0.675184 0.469127 0.554110
v 0.485681 -0.769288 0.398588
v 0.591804 0.631338 0.485681
v 0.591804 -0.631338 0.485681
v 0.485681 0.769288 0.398588
v 0.675184 -0.469127 0.554110
v 0.770312 0.469127 0.411741
v 0.554110 -0.769288 0.296178
v 0.675185 0.631338 0.360894
v 0.675185 -0.631338 0.360894
v 0.554110 0.769288 0.296178
v 0.770312 -0.469127 0.411741
v 0.411741 0.877675 0.220080
v 0.835838 -0.288887 0.446765
v 0.253549 0.952332 0.135525
v 0.869242 -0.097545 0.464620
v 0.869242 0.097545 0.464620
v 0.253549 -0.952332 0.135525
v 0.835838 0.288887 0.446765
v 0.411741 -0.877675 0.220080
v 0.275116 0.952332 0.083456
v 0.943183 -0.097545 0.286111
v 0.943183 0.097545 0.286111
v 0.275116 -0.952332 0.083456
v 0.906937 0.288887 0.275116
v 0.446765 -0.877675 0.135525
v 0.835838 0.469127 0.253549
v 0.601244 -0.769288 0.182385
v 0.732618 0.631338 0.222237
v 0.732618 -0.631338 0.222237
v 0.601244 0.769288 0.182385
v 0.835838 -0.469127 0.253549
v 0.446765 0.877675 0.135525
v 0.906937 -0.288887 0.275116
v 0.625273 -0.769288 0.061584
v 0.761897 0.631338 0.075040
v 0.761897 -0.631338 0.075040
v 0.625273 0.769288 0.061584
v 0.869242 -0.469127 0.085613
v 0.464620 0.877675 0.045761
v 0.943183 -0.288887 0.092895
v 0.286111 0.952332 0.028180
v 0.980877 -0.097545 0.096608
v 0.980877 0.097545 0.096608
v 0.286111 -0.952332 0.028180
v 0.943183 0.288887 0.092895
v 0.464620 -0.877675 0.045761
v 0.869242 0.469127 0.085613
v 0.980877 -0.097545 -0.096608
v 0.980877 0.097545 -0.096608
v 0.286111 -0.952332 -0.028180
v 0.943183 0.288887 -0.092895
v 0.464620 -0.877675 -0.045761
v 0.869242 0.469127 -0.085613
v 0.625273 -0.769288 -0.061584
v 0.761897 0.631338 -0.075040
v 0.761897 -0.631338 -0.075040
v 0.625273 0.769288 -0.061584
v 0.869242 -0.469127 -0.085613
v 0.464620 0.877675 -0.045761
v 0.943183 -0.288887 -0.092895
v 0.286111 0.952332 -0.028180
v 0.732618 0.631338 -0.222237
v 0.732618 -0.631338 -0.222237
v 0.601244 0.769288 -0.182385
v 0.835838 -0.469127 -0.253549
v 0.446765 0.877675 -0.135525
v 0.906937 -0.288887 -0.275116
v 0.275116 0.952332 -0.083456
v 0.943183 -0.097545 -0.286111
v 0.943183 0.097545 -0.286111
v 0.275116 -0.952332 -0.083456
v 0.906937 0.288887 -0.275116
v 0.446765 -0.877675 -0.135525
v 0.835838 0.469127 -0.253549
v 0.601244 -0.769288 -0.182385
v 0.869242 0.097545 -0.464620
v 0.253549 -0.952332 -0.135525
v 0.835838 0.288887 -0.446765
v 0.411741 -0.877675 -0.220080
v 0.770313 0.469127 -0.411741
v 0.554110 -0.769288 -0.296178
v 0.675185 0.631338 -0.360894
v 0.675185 -0.631338 -0.360894
v 0.554110 0.769288 -0.296178
v 0.770313 -0.469127 -0.411741
v 0.411741 0.877675 -0.220080
v 0.835838 -0.288887 -0.446765
v 0.253549 0.952332 -0.135525
v 0.869242 -0.097545 -0.464620
v 0.591804 -0.631338 -0.485681
v 0.485681 0.769288 -0.398588
v 0.675185 -0.469127 -0.554110
v 0.360894 0.877675 -0.296178
v 0.732618 -0.288887 -0.601244
v 0.222237 0.952332 -0.182385
v 0.761897 -0.097545 -0.625273
v 0.761897 0.097545 -0.625273
v 0.222237 -0.952332 -0.182385
v 0.732618 0.288887 -0.601244
v 0.360894 -0.877675 -0.296178
v 0.675185 0.469127 -0.554110
v 0.485681 -0.769288 -0.398588
v 0.591804 0.631338 -0.485681
v 0.625273 0.097545 -0.761897
v 0.182385 -0.952332 -0.222237
v 0.601244 0.288887 -0.732618
v 0.296178 -0.877675 -0.360894
v 0.554110 0.469127 -0.675185
v 0.398588 -0.769288 -0.485681
v 0.485681 0.631338 -0.591804
v 0.485681 -0.631338 -0.591804
v 0.398588 0.769288 -0.485681
v 0.554110 -0.469127 -0.675185
v 0.296178 0.877675 -0.360894
v 0.601244 -0.288887 -0.732618
v 0.182385 0.952332 -0.222237
v 0.625273 -0.097545 -0.761897
v 0.296178 0.769288 -0.554110
v 0.411741 -0.469127 -0.770313
v 0.220080 0.877675 -0.411741
v 0.446765 -0.288887 -0.835838
v 0.135525 0.952332 -0.253549
v 0.464620 -0.097545 -0.869242
v 0.464620 0.097545 -0.869242
v 0.135525 -0.952332 -0.253549
v 0.446765 0.288887 -0.835838
v 0.220080 -0.877675 -0.411741
v 0.411741 0.469127 -0.770313
v 0.296178 -0.769288 -0.554110
v 0.360894 0.631338 -0.675185
v 0.360894 -0.631338 -0.675185
v 0.275116 0.288887 -0.906937
v 0.135525 -0.877675 -0.446765
v 0.253549 0.469127 -0.835838
v 0.182385 -0.769288 -0.601244
v 0.222237 0.631338 -0.732618
v 0.222237 -0.631338 -0.732618
v 0.182385 0.769288 -0.601244
v 0.253549 -0.469127 -0.835838
v 0.135525 0.877675 -0.446765
v 0.275116 -0.288887 -0.906937
v 0.083456 0.952332 -0.275116
v 0.286111 -0.097545 -0.943183
v 0.286111 0.097545 -0.943183
v 0.083456 -0.952332 -0.275116
v 0.096608 0.097545 -0.980878
v 0.028180 -0.952332 -0.286111
v 0.092895 0.288887 -0.943183
v 0.045761 -0.877675 -0.464620
v 0.085613 0.469127 -0.869242
v 0.061584 -0.769288 -0.625273
v 0.075040 0.631338 -0.761897
v 0.075040 -0.631338 -0.761897
v 0.061584 0.769288 -0.625273
v 0.085613 -0.469127 -0.869242
v 0.045761 0.877675 -0.464620
v 0.092895 -0.288887 -0.943183
v 0.028180 0.952332 -0.286111
v 0.096608 -0.097545 -0.980878
vn 0.0975 -0.0975 -0.9904
vn 0.0286 0.9565 -0.2902
vn 0.0938 -0.2890 -0.9527
vn 0.0464 0.8810 -0.4709
vn 0.0865 -0.4696 -0.8786
vn 0.0624 0.7715 -0.6332
vn 0.0759 -0.6326 -0.7708
vn 0.0759 0.6326 -0.7708
vn 0.0624 -0.7715 -0.6332
vn 0.0865 0.4696 -0.8786
vn 0.0464 -0.8810 -0.4709
vn 0.0938 0.2890 -0.9527
vn 0.0286 -0.9565 -0.2902
vn 0.0975 0.0975 -0.9904
vn 0.0096 0.9951 -0.0980
vn 0.0096 -0.9951 -0.0980
vn 0.0846 -0.9565 -0.2790
vn 0.2889 0.0976 -0.9524
vn 0.0286 0.9951 -0.0942
vn 0.0286 -0.9951 -0.0942
vn 0.2889 -0.0975 -0.9524
vn 0.0846 0.9565 -0.2790
vn 0.2779 -0.2890 -0.9161
vn 0.1374 0.8810 -0.4528
vn 0.2563 -0.4696 -0.8448
vn 0.1847 0.7715 -0.6088
vn 0.2248 -0.6326 -0.7412
vn 0.2248 0.6326 -0.7412
vn 0.1847 -0.7715 -0.6088
vn 0.2563 0.4696 -0.8448
vn 0.1374 -0.8810 -0.4528
vn 0.2779 0.2890 -0.9161
vn 0.3651 -0.6326 -0.6831
vn 0.3651 0.6326 -0.6831
vn 0.2999 -0.7715 -0.5611
vn 0.4162 0.4696 -0.7786
vn 0.2231 -0.8810 -0.4173
vn 0.4513 0.2890 -0.8443
vn 0.1374 -0.9565 -0.2571
vn 0.4691 0.0975 -0.8777
vn 0.0464 0.9951 -0.0869
vn 0.0464 -0.9951 -0.0869
vn 0.4691 -0.0975 -0.8777
vn 0.1374 0.9565 -0.2571
vn 0.4513 -0.2890 -0.8443
vn 0.2230 0.8810 -0.4173
vn 0.4162 -0.4696 -0.7786
vn 0.2999 0.7715 -0.5611
vn 0.0625 0.9951 -0.0761
vn 0.0625 -0.9951 -0.0761
vn 0.6314 -0.0975 -0.7693
vn 0.1850 0.9565 -0.2254
vn 0.6073 -0.2890 -0.7400
vn 0.3002 0.8810 -0.3658
vn 0.5601 -0.4696 -0.6825
vn 0.4036 0.7715 -0.4918
vn 0.4913 -0.6326 -0.5987
vn 0.4913 0.6326 -0.5987
vn 0.4036 -0.7715 -0.4918
vn 0.5601 0.4696 -0.6825
vn 0.3002 -0.8810 -0.3658
vn 0.6073 0.2890 -0.7400
vn 0.1850 -0.9565 -0.2254
vn 0.6314 0.0975 -0.7693
vn 0.5987 0.6326 -0.4913
vn 0.4918 -0.7715 -0.4036
vn 0.6825 0.4696 -0.5601
vn 0.3658 -0.8810 -0.3002
vn 0.7400 0.2890 -0.6073
vn 0.2254 -0.9565 -0.1850
vn 0.7693 0.0975 -0.6314
vn 0.0761 0.9951 -0.0625
vn 0.0761 -0.9951 -0.0625
vn 0.7693 -0.0975 -0.6314
vn 0.2254 0.9565 -0.1850
vn 0.7400 -0.2890 -0.6073
vn 0.3658 0.8810 -0.3002
vn 0.6825 -0.4696 -0.5601
vn 0.4918 0.7715 -0.4036
vn 0.5987 -0.6326 -0.4913
vn 0.8777 -0.0975 -0.4691
vn 0.2571 0.9565 -0.1374
vn 0.8443 -0.2890 -0.4513
vn 0.4173 0.8810 -0.2230
vn 0.7786 -0.4696 -0.4162
vn 0.5611 0.7715 -0.2999
vn 0.6831 -0.6326 -0.3651
vn 0.6831 0.6326 -0.3651
vn 0.5611 -0.7715 -0.2999
vn 0.7786 0.4696 -0.4162
vn 0.4173 -0.8810 -0.2230
vn 0.8443 0.2890 -0.4513
vn 0.2571 -0.9565 -0.1374
vn 0.8777 0.0975 -0.4691
vn 0.0869 0.9951 -0.0464
vn 0.0869 -0.9951 -0.0464
vn 0.6088 -0.7715 -0.1847
vn 0.8448 0.4696 -0.2563
vn 0.4528 -0.8810 -0.1374
vn 0.9161 0.2890 -0.2779
vn 0.2790 -0.9565 -0.0846
vn 0.9524 0.0975 -0.2889
vn 0.0942 0.9951 -0.0286
vn 0.0942 -0.9951 -0.0286
vn 0.9524 -0.0975 -0.2889
vn 0.2790 0.9565 -0.0846
vn 0.9161 -0.2890 -0.2779
vn 0.4528 0.8810 -0.1374
vn 0.8448 -0.4696 -0.2563
vn 0.6088 0.7715 -0.1847
vn 0.7412 -0.6326 -0.2248
vn 0.7412 0.6326 -0.2248
vn 0.2902 0.9565 -0.0286
vn 0.9527 -0.2890 -0.0938
vn 0.4709 0.8810 -0.0464
vn 0.8786 -0.4696 -0.0865
vn 0.6332 0.7715 -0.0624
vn 0.7708 -0.6326 -0.0759
vn 0.7708 0.6326 -0.0759
vn 0.6332 -0.7715 -0.0624
vn 0.8786 0.4696 -0.0865
vn 0.4709 -0.8810 -0.0464
vn 0.9527 0.2890 -0.0938
vn 0.2902 -0.9565 -0.0286
vn 0.9904 0.0975 -0.0975
vn 0.0980 0.9951 -0.0097
vn 0.0980 -0.9951 -0.0097
vn 0.9904 -0.0975 -0.0975
vn 0.8786 0.4696 0.0865
vn 0.4709 -0.8810 0.0464
vn 0.9527 0.2890 0.0938
vn 0.2902 -0.9565 0.0286
vn 0.9904 0.0975 0.0975
vn 0.0980 0.9951 0.0097
vn 0.0980 -0.9951 0.0097
vn 0.9904 -0.0975 0.0976
vn 0.2902 0.9565 0.0286
vn 0.9527 -0.2890 0.0938
vn 0.4709 0.8810 0.0464
vn 0.8786 -0.4696 0.0865
vn 0.6332 0.7715 0.0624
vn 0.7708 -0.6326 0.0759
vn 0.7708 0.6326 0.0759
vn 0.6332 -0.7715 0.0624
vn 0.9161 -0.2890 0.2779
vn 0.4528 0.8810 0.1374
vn 0.8448 -0.4696 0.2563
vn 0.6088 0.7715 0.1847
vn 0.7412 -0.6326 0.2248
vn 0.7412 0.6326 0.2248
vn 0.6088 -0.7715 0.1847
vn 0.8448 0.4696 0.2563
vn 0.4528 -0.8810 0.1374
vn 0.9161 0.2890 0.2779
vn 0.2790 -0.9565 0.0846
vn 0.9524 0.0975 0.2889
vn 0.0942 0.9951 0.0286
vn 0.0942 -0.9951 0.0286
vn 0.9524 -0.0975 0.2889
vn 0.2790 0.9565 0.0846
vn 0.4173 -0.8810 0.2231
vn 0.8443 0.2890 0.4513
vn 0.2571 -0.9565 0.1374
vn 0.8777 0.0975 0.4691
vn 0.0869 0.9951 0.0464
vn 0.0869 -0.9951 0.0464
vn 0.8777 -0.0975 0.4691
vn 0.2571 0.9565 0.1374
vn 0.8443 -0.2890 0.4513
vn 0.4173 0.8810 0.2230
vn 0.7786 -0.4696 0.4162
vn 0.5611 0.7715 0.2999
vn 0.6831 -0.6326 0.3651
vn 0.6831 0.6326 0.3651
vn 0.5611 -0.7715 0.2999
vn 0.7786 0.4696 0.4162
vn 0.6825 -0.4696 0.5601
vn 0.4918 0.7715 0.4036
vn 0.5987 -0.6326 0.4913
vn 0.5987 0.6326 0.4913
vn 0.4918 -0.7715 0.4036
vn 0.6825 0.4696 0.5601
vn 0.3658 -0.8810 0.3002
vn 0.7400 0.2890 0.6073
vn 0.2254 -0.9565 0.1850
vn 0.7693 0.0975 0.6314
vn 0.0761 0.9951 0.0625
vn 0.0761 -0.9951 0.0625
vn 0.7693 -0.0975 0.6314
vn 0.2254 0.9565 0.1850
vn 0.7400 -0.2890 0.6073
vn 0.3658 0.8810 0.3002
vn 0.1850 -0.9565 0.2254
vn 0.6314 0.0975 0.7693
vn 0.0625 0.9951 0.0761
vn 0.0625 -0.9951 0.0761
vn 0.6314 -0.0975 0.7693
vn 0.1850 0.9565 0.2254
vn 0.6073 -0.2890 0.7400
vn 0.3002 0.8810 0.3658
vn 0.5601 -0.4696 0.6825
vn 0.4036 0.7715 0.4918
vn 0.4913 -0.6326 0.5987
vn 0.4913 0.6326 0.5987
vn 0.4036 -0.7715 0.4918
vn 0.5601 0.4696 0.6825
vn 0.3002 -0.8810 0.3658
vn 0.6073 0.2890 0.7400
vn 0.2999 0.7715 0.5611
vn 0.3651 -0.6326 0.6831
vn 0.3651 0.6326 0.6831
vn 0.2999 -0.7715 0.5611
vn 0.4162 0.4696 0.7786
vn 0.2231 -0.8810 0.4173
vn 0.4513 0.2890 0.8443
vn 0.1374 -0.9565 0.2571
vn 0.4691 0.0975 0.8777
vn 0.0464 0.9951 0.0869
vn 0.0464 -0.9951 0.0869
vn 0.4691 -0.0975 0.8777
vn 0.1374 0.9565 0.2571
vn 0.4513 -0.2890 0.8443
vn 0.2230 0.8810 0.4173
vn 0.4162 -0.4696 0.7786
vn 0.2889 0.0975 0.9524
vn 0.0286 0.9951 0.0942
vn 0.0286 -0.9951 0.0942
vn 0.2889 -0.0975 0.9524
vn 0.0846 0.9565 0.2790
vn 0.2779 -0.2890 0.9161
vn 0.1374 0.8810 0.4528
vn 0.2563 -0.4696 0.8448
vn 0.1847 0.7715 0.6088
vn 0.2248 -0.6326 0.7412
vn 0.2248 0.6326 0.7412
vn 0.1847 -0.7715 0.6088
vn 0.2563 0.4696 0.8448
vn 0.1374 -0.8810 0.4528
vn 0.2779 0.2890 0.9161
vn 0.0846 -0.9565 0.2790
vn 0.0759 -0.6326 0.7708
vn 0.0759 0.6326 0.7708
vn 0.0624 -0.7715 0.6332
vn 0.0865 0.4696 0.8786
vn 0.0464 -0.8810 0.4709
vn 0.0938 0.2890 0.9527
vn 0.0286 -0.9565 0.2902
vn 0.0975 0.0975 0.9904
vn 0.0097 0.9951 0.0980
vn 0.0096 -0.9951 0.0980
vn 0.0975 -0.0975 0.9904
vn 0.0286 0.9565 0.2902
vn 0.0938 -0.2890 0.9527
vn 0.0464 0.8810 0.4709
vn 0.0865 -0.4696 0.8786
vn 0.0624 0.7715 0.6332
vn -0.0097 0.9951 0.0980
vn -0.0096 -0.9951 0.0980
vn -0.0976 -0.0975 0.9904
vn -0.0286 0.9565 0.2902
vn -0.0938 -0.2890 0.9527
vn -0.0464 0.8810 0.4709
vn -0.0865 -0.4696 0.8786
vn -0.0624 0.7715 0.6332
vn -0.0759 -0.6326 0.7708
vn -0.0759 0.6326 0.7708
vn -0.0624 -0.7715 0.6332
vn -0.0865 0.4696 0.8786
vn -0.0464 -0.8810 0.4709
vn -0.0938 0.2890 0.9527
vn -0.0286 -0.9565 0.2902
vn -0.0975 0.0975 0.9904
vn -0.2248 0.6326 0.7412
vn -0.1847 -0.7715 0.6088
vn -0.2563 0.4696 0.8448
vn -0.1374 -0.8810 0.4528
vn -0.2779 0.2890 0.9161
vn -0.0846 -0.9565 0.2790
vn -0.2889 0.0975 0.9524
vn -0.0286 0.9951 0.0942
vn -0.0286 -0.9951 0.0942
vn -0.2889 -0.0975 0.9524
vn -0.0846 0.9565 0.2790
vn -0.2779 -0.2890 0.9161
vn -0.1374 0.8810 0.4528
vn -0.2563 -0.4696 0.8448
vn -0.1847 0.7715 0.6088
vn -0.2248 -0.6326 0.7412
vn -0.4691 -0.0975 0.8777
vn -0.1374 0.9565 0.2571
vn -0.4513 -0.2890 0.8443
vn -0.2230 0.8810 0.4173
vn -0.4162 -0.4696 0.7786
vn -0.2999 0.7715 0.5611
vn -0.3651 -0.6326 0.6831
vn -0.3651 0.6326 0.6831
vn -0.2999 -0.7715 0.5611
vn -0.4162 0.4696 0.7786
vn -0.2231 -0.8810 0.4173
vn -0.4513 0.2890 0.8443
vn -0.1374 -0.9565 0.2571
vn -0.4691 0.0975 0.8777
vn -0.0464 0.9951 0.0869
vn -0.0464 -0.9951 0.0869
vn -0.4036 -0.7715 0.4918
vn -0.5601 0.4696 0.6825
vn -0.3002 -0.8810 0.3658
vn -0.6073 0.2890 0.7400
vn -0.1850 -0.9565 0.2254
vn -0.6314 0.0975 0.7693
vn -0.0625 0.9951 0.0761
vn -0.0625 -0.9951 0.0761
vn -0.6314 -0.0975 0.7693
vn -0.1850 0.9565 0.2254
vn -0.6073 -0.2890 0.7400
vn -0.3002 0.8810 0.3658
vn -0.5601 -0.4696 0.6825
vn -0.4036 0.7715 0.4918
vn -0.4913 -0.6326 0.5987
vn -0.4913 0.6326 0.5987
vn -0.7400 -0.2890 0.6073
vn -0.3658 0.8810 0.3002
vn -0.6825 -0.4696 0.5601
vn -0.4918 0.7715 0.4036
vn -0.5987 -0.6326 0.4913
vn -0.5987 0.6326 0.4913
vn -0.4918 -0.7715 0.4036
vn -0.6825 0.4696 0.5601
vn -0.3658 -0.8810 0.3002
vn -0.7400 0.2890 0.6073
vn -0.2254 -0.9565 0.1850
vn -0.7693 0.0975 0.6314
vn -0.0761 0.9951 0.0625
vn -0.0761 -0.9951 0.0625
vn -0.7693 -0.0975 0.6314
vn -0.2254 0.9565 0.1850
vn -0.4173 -0.8810 0.2230
vn -0.8443 0.2890 0.4513
vn -0.2571 -0.9565 0.1374
vn -0.8777 0.0975 0.4691
vn -0.0869 0.9951 0.0464
vn -0.0869 -0.9951 0.0464
vn -0.8777 -0.0975 0.4691
vn -0.2571 0.9565 0.1374
vn -0.8443 -0.2890 0.4513
vn -0.4173 0.8810 0.2230
vn -0.7786 -0.4696 0.4162
vn -0.5611 0.7715 0.2999
vn -0.6831 -0.6326 0.3651
vn -0.6831 0.6326 0.3651
vn -0.5611 -0.7715 0.2999
vn -0.7786 0.4696 0.4162
vn -0.4528 0.8810 0.1374
vn -0.8448 -0.4696 0.2563
vn -0.6088 0.7715 0.1847
vn -0.7412 -0.6326 0.2248
vn -0.7412 0.6326 0.2248
vn -0.6088 -0.7715 0.1847
vn -0.8448 0.4696 0.2563
vn -0.4528 -0.8810 0.1374
vn -0.9161 0.2890 0.2779
vn -0.2790 -0.9565 0.0846
vn -0.9524 0.0975 0.2889
vn -0.0942 0.9951 0.0286
vn -0.0942 -0.9951 0.0286
vn -0.9524 -0.0975 0.2889
vn -0.2790 0.9565 0.0846
vn -0.9161 -0.2890 0.2779
vn -0.9527 0.2890 0.0938
vn -0.2902 -0.9565 0.0286
vn -0.9904 0.0975 0.0975
vn -0.0980 0.9951 0.0097
vn -0.0980 -0.9951 0.0097
vn -0.9904 -0.0975 0.0975
vn -0.2902 0.9565 0.0286
vn -0.9527 -0.2890 0.0938
vn -0.4709 0.8810 0.0464
vn -0.8786 -0.4696 0.0865
vn -0.6332 0.7715 0.0624
vn -0.7708 -0.6326 0.0759
vn -0.7708 0.6326 0.0759
vn -0.6332 -0.7715 0.0624
vn -0.8786 0.4696 0.0865
vn -0.4709 -0.8810 0.0464
vn -0.8786 -0.4696 -0.0865
vn -0.6332 0.7715 -0.0624
vn -0.7708 -0.6326 -0.0759
vn -0.7708 0.6326 -0.0759
vn -0.6332 -0.7715 -0.0624
vn -0.8786 0.4696 -0.0865
vn -0.4709 -0.8810 -0.0464
vn -0.9527 0.2890 -0.0938
vn -0.2902 -0.9565 -0.0286
vn -0.9904 0.0975 -0.0975
vn -0.0980 0.9951 -0.0097
vn -0.0980 -0.9951 -0.0097
vn -0.9904 -0.0975 -0.0975
vn -0.2902 0.9565 -0.0286
vn -0.9527 -0.2890 -0.0938
vn -0.4709 0.8810 -0.0464
vn -0.2790 -0.9565 -0.0846
vn -0.9524 0.0975 -0.2889
vn -0.0942 0.9951 -0.0286
vn -0.0942 -0.9951 -0.0286
vn -0.9524 -0.0975 -0.2889
vn -0.2790 0.9565 -0.0846
vn -0.9161 -0.2890 -0.2779
vn -0.4528 0.8810 -0.1374
vn -0.8448 -0.4696 -0.2563
vn -0.6088 0.7715 -0.1847
vn -0.7412 -0.6326 -0.2248
vn -0.7412 0.6326 -0.2248
vn -0.6088 -0.7715 -0.1847
vn -0.8448 0.4696 -0.2563
vn -0.4528 -0.8810 -0.1374
vn -0.9161 0.2890 -0.2779
vn -0.5611 0.7715 -0.2999
vn -0.6831 -0.6326 -0.3651
vn -0.6831 0.6326 -0.3651
vn -0.5611 -0.7715 -0.2999
vn -0.7786 0.4696 -0.4162
vn -0.4173 -0.8810 -0.2231
vn -0.8443 0.2890 -0.4513
vn -0.2571 -0.9565 -0.1374
vn -0.8777 0.0975 -0.4691
vn -0.0869 0.9951 -0.0464
vn -0.0869 -0.9951 -0.0464
vn -0.8777 -0.0975 -0.4691
vn -0.2571 0.9565 -0.1374
vn -0.8443 -0.2890 -0.4513
vn -0.4173 0.8810 -0.2231
vn -0.7786 -0.4696 -0.4162
vn -0.7693 0.0975 -0.6314
vn -0.0761 0.9951 -0.0625
vn -0.0761 -0.9951 -0.0625
vn -0.7693 -0.0975 -0.6314
vn -0.2254 0.9565 -0.1850
vn -0.7400 -0.2890 -0.6073
vn -0.3658 0.8810 -0.3002
vn -0.6825 -0.4696 -0.5601
vn -0.4918 0.7715 -0.4036
vn -0.5987 -0.6326 -0.4913
vn -0.5987 0.6326 -0.4913
vn -0.4918 -0.7715 -0.4036
vn -0.6825 0.4696 -0.5601
vn -0.3658 -0.8810 -0.3002
vn -0.7400 0.2890 -0.6073
vn -0.2254 -0.9565 -0.1850
vn -0.4913 -0.6326 -0.5987
vn -0.4913 0.6326 -0.5987
vn -0.4036 -0.7715 -0.4918
vn -0.5601 0.4696 -0.6825
vn -0.3002 -0.8810 -0.3658
vn -0.6073 0.2890 -0.7400
vn -0.1850 -0.9565 -0.2254
vn -0.6314 0.0975 -0.7693
vn -0.0625 0.9951 -0.0761
vn -0.0625 -0.9951 -0.0761
vn -0.6314 -0.0975 -0.7693
vn -0.1850 0.9565 -0.2254
vn -0.6073 -0.2890 -0.7400
vn -0.3002 0.8810 -0.3658
vn -0.5601 -0.4696 -0.6825
vn -0.4036 0.7715 -0.4918
vn -0.0464 -0.9951 -0.0869
vn -0.4691 -0.0975 -0.8777
vn -0.1374 0.9565 -0.2571
vn -0.4513 -0.2890 -0.8443
vn -0.2230 0.8810 -0.4173
vn -0.4162 -0.4696 -0.7786
vn -0.2999 0.7715 -0.5611
vn -0.3651 -0.6326 -0.6831
vn -0.3651 0.6326 -0.6831
vn -0.2999 -0.7715 -0.5611
vn -0.4162 0.4696 -0.7786
vn -0.2231 -0.8810 -0.4173
vn -0.4513 0.2890 -0.8443
vn -0.1374 -0.9565 -0.2571
vn -0.4691 0.0975 -0.8777
vn -0.0464 0.9951 -0.0869
vn -0.1847 -0.7715 -0.6088
vn -0.2563 0.4696 -0.8448
vn -0.1374 -0.8810 -0.4528
vn -0.2779 0.2890 -0.9161
vn -0.0846 -0.9565 -0.2790
vn -0.2889 0.0975 -0.9524
vn -0.0286 0.9951 -0.0942
vn -0.0286 -0.9951 -0.0942
vn -0.2889 -0.0975 -0.9524
vn -0.0846 0.9565 -0.2790
vn -0.2779 -0.2890 -0.9161
vn -0.1374 0.8810 -0.4528
vn -0.2563 -0.4696 -0.8448
vn -0.1847 0.7715 -0.6088
vn -0.2248 -0.6326 -0.7412
vn -0.2248 0.6326 -0.7412
vn -0.0286 0.9565 -0.2902
vn -0.0938 -0.2890 -0.9527
vn -0.0464 0.8810 -0.4709
vn -0.0865 -0.4696 -0.8786
vn -0.0624 0.7715 -0.6332
vn -0.0759 -0.6326 -0.7708
vn -0.0759 0.6326 -0.7708
vn -0.0624 -0.7715 -0.6332
vn -0.0865 0.4696 -0.8786
vn -0.0464 -0.8810 -0.4709
vn -0.0938 0.2890 -0.9527
vn -0.0286 -0.9565 -0.2902
vn -0.0976 0.0975 -0.9904
vn -0.0097 0.9951 -0.0980
vn -0.0096 -0.9951 -0.0980
vn -0.0976 -0.0975 -0.9904
vn -0.0097 -0.9951 -0.0980
vn -0.0096 0.9951 -0.0980
vn -0.2230 -0.8810 -0.4173
vn -0.2231 0.8810 -0.4173
vn -0.9904 -0.0975 -0.0976
vn -0.9904 0.0975 -0.0976
vn -0.2230 -0.8810 0.4173
vn -0.2231 0.8810 0.4173
vn -0.0976 0.0975 0.9904
vn -0.0975 -0.0975 0.9904
vn -0.0097 -0.9951 0.0980
vn -0.0096 0.9951 0.0980
vn 0.0097 -0.9951 0.0980
vn 0.0096 0.9951 0.0980
vn 0.2230 -0.8810 0.4173
vn 0.1850 -0.9566 0.2254
vn 0.4173 0.8810 0.2231
vn 0.4173 -0.8810 0.2230
vn 0.9904 -0.0975 0.0975
vn 0.9904 0.0975 0.0976
vn 0.2231 0.8810 -0.4173
vn 0.4691 -0.0976 -0.8777
vn 0.2230 -0.8810 -0.4173
vn 0.2889 -0.0976 -0.9524
vn 0.2889 0.0975 -0.9524
vn 0.0097 -0.9951 -0.0980
vn 0.0097 0.9951 -0.0980
vn 0.0975 0.0976 -0.9904
vn 0.0976 0.0975 -0.9904
vn 0.0976 -0.0975 -0.9904
vn 0.0975 -0.0976 -0.9904
vt 0.734375 0.468750
vt 0.734375 0.500000
vt 0.718750 0.500000
vt 0.718750 0.468750
vt 0.734375 0.906250
vt 0.734375 0.937500
vt 0.718750 0.937500
vt 0.718750 0.906250
vt 0.734375 0.406250
vt 0.734375 0.437500
vt 0.718750 0.437500
vt 0.718750 0.406250
vt 0.734375 0.843750
vt 0.734375 0.875000
vt 0.718750 0.875000
vt 0.718750 0.843750
vt 0.734375 0.343750
vt 0.734375 0.375000
vt 0.718750 0.375000
vt 0.718750 0.343750
vt 0.734375 0.781250
vt 0.734375 0.812500
vt 0.718750 0.812500
vt 0.718750 0.781250
vt 0.734375 0.281250
vt 0.734375 0.312500
vt 0.718750 0.312500
vt 0.718750 0.281250
vt 0.734375 0.718750
vt 0.734375 0.750000
vt 0.718750 0.750000
vt 0.718750 0.718750
vt 0.734375 0.218750
vt 0.734375 0.250000
vt 0.718750 0.250000
vt 0.718750 0.218750
vt 0.734375 0.656250
vt 0.734375 0.687500
vt 0.718750 0.687500
vt 0.718750 0.656250
vt 0.734375 0.156250
vt 0.734375 0.187500
vt 0.718750 0.187500
vt 0.718750 0.156250
vt 0.734375 0.593750
vt 0.734375 0.625000
vt 0.718750 0.625000
vt 0.718750 0.593750
vt 0.734375 0.093750
vt 0.734375 0.125000
vt 0.718750 0.125000
vt 0.718750 0.093750
vt 0.734375 0.531250
vt 0.734375 0.562500
vt 0.718750 0.562500
vt 0.718750 0.531250
vt 0.750000 0.937500
vt 0.742188 0.968750
vt 0.734375 0.000000
vt 0.742188 0.031250
vt 0.726562 0.031250
vt 0.703125 0.093750
vt 0.703125 0.125000
vt 0.687500 0.125000
vt 0.687500 0.093750
vt 0.703125 0.531250
vt 0.703125 0.562500
vt 0.687500 0.562500
vt 0.687500 0.531250
vt 0.710938 0.968750
vt 0.703125 0.937500
vt 0.703125 0.000000
vt 0.710938 0.031250
vt 0.695312 0.031250
vt 0.703125 0.468750
vt 0.703125 0.500000
vt 0.687500 0.500000
vt 0.687500 0.468750
vt 0.703125 0.906250
vt 0.687500 0.937500
vt 0.687500 0.906250
vt 0.703125 0.406250
vt 0.703125 0.437500
vt 0.687500 0.437500
vt 0.687500 0.406250
vt 0.703125 0.843750
vt 0.703125 0.875000
vt 0.687500 0.875000
vt 0.687500 0.843750
vt 0.703125 0.343750
vt 0.703125 0.375000
vt 0.687500 0.375000
vt 0.687500 0.343750
vt 0.703125 0.781250
vt 0.703125 0.812500
vt 0.687500 0.812500
vt 0.687500 0.781250
vt 0.703125 0.281250
vt 0.703125 0.312500
vt 0.687500 0.312500
vt 0.687500 0.281250
vt 0.703125 0.718750
vt 0.703125 0.750000
vt 0.687500 0.750000
vt 0.687500 0.718750
vt 0.703125 0.218750
vt 0.703125 0.250000
vt 0.687500 0.250000
vt 0.687500 0.218750
vt 0.703125 0.656250
vt 0.703125 0.687500
vt 0.687500 0.687500
vt 0.687500 0.656250
vt 0.703125 0.156250
vt 0.703125 0.187500
vt 0.687500 0.187500
vt 0.687500 0.156250
vt 0.703125 0.593750
vt 0.703125 0.625000
vt 0.687500 0.625000
vt 0.687500 0.593750
vt 0.671875 0.281250
vt 0.671875 0.312500
vt 0.656250 0.312500
vt 0.656250 0.281250
vt 0.671875 0.718750
vt 0.671875 0.750000
vt 0.656250 0.750000
vt 0.656250 0.718750
vt 0.671875 0.218750
vt 0.671875 0.250000
vt 0.656250 0.250000
vt 0.656250 0.218750
vt 0.671875 0.656250
vt 0.671875 0.687500
vt 0.656250 0.687500
vt 0.656250 0.656250
vt 0.671875 0.156250
vt 0.671875 0.187500
vt 0.656250 0.187500
vt 0.656250 0.156250
vt 0.671875 0.593750
vt 0.671875 0.625000
vt 0.656250 0.625000
vt 0.656250 0.593750
vt 0.671875 0.093750
vt 0.671875 0.125000
vt 0.656250 0.125000
vt 0.656250 0.093750
vt 0.671875 0.531250
vt 0.671875 0.562500
vt 0.656250 0.562500
vt 0.656250 0.531250
vt 0.679688 0.968750
vt 0.671875 0.937500
vt 0.671875 0.000000
vt 0.679688 0.031250
vt 0.664062 0.031250
vt 0.671875 0.468750
vt 0.671875 0.500000
vt 0.656250 0.500000
vt 0.656250 0.468750
vt 0.671875 0.906250
vt 0.656250 0.937500
vt 0.656250 0.906250
vt 0.671875 0.406250
vt 0.671875 0.437500
vt 0.656250 0.437500
vt 0.656250 0.406250
vt 0.671875 0.843750
vt 0.671875 0.875000
vt 0.656250 0.875000
vt 0.656250 0.843750
vt 0.671875 0.343750
vt 0.671875 0.375000
vt 0.656250 0.375000
vt 0.656250 0.343750
vt 0.671875 0.781250
vt 0.671875 0.812500
vt 0.656250 0.812500
vt 0.656250 0.781250
vt 0.648438 0.968750
vt 0.640625 0.937500
vt 0.640625 0.000000
vt 0.648438 0.031250
vt 0.632812 0.031250
vt 0.640625 0.468750
vt 0.640625 0.500000
vt 0.625000 0.500000
vt 0.625000 0.468750
vt 0.640625 0.906250
vt 0.625000 0.937500
vt 0.625000 0.906250
vt 0.640625 0.406250
vt 0.640625 0.437500
vt 0.625000 0.437500
vt 0.625000 0.406250
vt 0.640625 0.843750
vt 0.640625 0.875000
vt 0.625000 0.875000
vt 0.625000 0.843750
vt 0.640625 0.343750
vt 0.640625 0.375000
vt 0.625000 0.375000
vt 0.625000 0.343750
vt 0.640625 0.781250
vt 0.640625 0.812500
vt 0.625000 0.812500
vt 0.625000 0.781250
vt 0.640625 0.281250
vt 0.640625 0.312500
vt 0.625000 0.312500
vt 0.625000 0.281250
vt 0.640625 0.718750
vt 0.640625 0.750000
vt 0.625000 0.750000
vt 0.625000 0.718750
vt 0.640625 0.218750
vt 0.640625 0.250000
vt 0.625000 0.250000
vt 0.625000 0.218750
vt 0.640625 0.656250
vt 0.640625 0.687500
vt 0.625000 0.687500
vt 0.625000 0.656250
vt 0.640625 0.156250
vt 0.640625 0.187500
vt 0.625000 0.187500
vt 0.625000 0.156250
vt 0.640625 0.593750
vt 0.640625 0.625000
vt 0.625000 0.625000
vt 0.625000 0.593750
vt 0.640625 0.093750
vt 0.640625 0.125000
vt 0.625000 0.125000
vt 0.625000 0.093750
vt 0.640625 0.531250
vt 0.640625 0.562500
vt 0.625000 0.562500
vt 0.625000 0.531250
vt 0.609375 0.718750
vt 0.609375 0.750000
vt 0.593750 0.750000
vt 0.593750 0.718750
vt 0.609375 0.218750
vt 0.609375 0.250000
vt 0.593750 0.250000
vt 0.593750 0.218750
vt 0.609375 0.656250
vt 0.609375 0.687500
vt 0.593750 0.687500
vt 0.593750 0.656250
vt 0.609375 0.156250
vt 0.609375 0.187500
vt 0.593750 0.187500
vt 0.593750 0.156250
vt 0.609375 0.593750
vt 0.609375 0.625000
vt 0.593750 0.625000
vt 0.593750 0.593750
vt 0.609375 0.093750
vt 0.609375 0.125000
vt 0.593750 0.125000
vt 0.593750 0.093750
vt 0.609375 0.531250
vt 0.609375 0.562500
vt 0.593750 0.562500
vt 0.593750 0.531250
vt 0.617188 0.968750
vt 0.609375 0.937500
vt 0.609375 0.000000
vt 0.617188 0.031250
vt 0.601562 0.031250
vt 0.609375 0.468750
vt 0.609375 0.500000
vt 0.593750 0.500000
vt 0.593750 0.468750
vt 0.609375 0.906250
vt 0.593750 0.937500
vt 0.593750 0.906250
vt 0.609375 0.406250
vt 0.609375 0.437500
vt 0.593750 0.437500
vt 0.593750 0.406250
vt 0.609375 0.843750
vt 0.609375 0.875000
vt 0.593750 0.875000
vt 0.593750 0.843750
vt 0.609375 0.343750
vt 0.609375 0.375000
vt 0.593750 0.375000
vt 0.593750 0.343750
vt 0.609375 0.781250
vt 0.609375 0.812500
vt 0.593750 0.812500
vt 0.593750 0.781250
vt 0.609375 0.281250
vt 0.609375 0.312500
vt 0.593750 0.312500
vt 0.593750 0.281250
vt 0.578125 0.468750
vt 0.578125 0.500000
vt 0.562500 0.500000
vt 0.562500 0.468750
vt 0.578125 0.906250
vt 0.578125 0.937500
vt 0.562500 0.937500
vt 0.562500 0.906250
vt 0.578125 0.406250
vt 0.578125 0.437500
vt 0.562500 0.437500
vt 0.562500 0.406250
vt 0.578125 0.843750
vt 0.578125 0.875000
vt 0.562500 0.875000
vt 0.562500 0.843750
vt 0.578125 0.343750
vt 0.578125 0.375000
vt 0.562500 0.375000
vt 0.562500 0.343750
vt 0.578125 0.781250
vt 0.578125 0.812500
vt 0.562500 0.812500
vt 0.562500 0.781250
vt 0.578125 0.281250
vt 0.578125 0.312500
vt 0.562500 0.312500
vt 0.562500 0.281250
vt 0.578125 0.718750
vt 0.578125 0.750000
vt 0.562500 0.750000
vt 0.562500 0.718750
vt 0.578125 0.218750
vt 0.578125 0.250000
vt 0.562500 0.250000
vt 0.562500 0.218750
vt 0.578125 0.656250
vt 0.578125 0.687500
vt 0.562500 0.687500
vt 0.562500 0.656250
vt 0.578125 0.156250
vt 0.578125 0.187500
vt 0.562500 0.187500
vt 0.562500 0.156250
vt 0.578125 0.593750
vt 0.578125 0.625000
vt 0.562500 0.625000
vt 0.562500 0.593750
vt 0.578125 0.093750
vt 0.578125 0.125000
vt 0.562500 0.125000
vt 0.562500 0.093750
vt 0.578125 0.531250
vt 0.578125 0.562500
vt 0.562500 0.562500
vt 0.562500 0.531250
vt 0.585938 0.968750
vt 0.578125 0.000000
vt 0.585938 0.031250
vt 0.570312 0.031250
vt 0.546875 0.218750
vt 0.546875 0.250000
vt 0.531250 0.250000
vt 0.531250 0.218750
vt 0.546875 0.656250
vt 0.546875 0.687500
vt 0.531250 0.687500
vt 0.531250 0.656250
vt 0.546875 0.156250
vt 0.546875 0.187500
vt 0.531250 0.187500
vt 0.531250 0.156250
vt 0.546875 0.593750
vt 0.546875 0.625000
vt 0.531250 0.625000
vt 0.531250 0.593750
vt 0.546875 0.093750
vt 0.546875 0.125000
vt 0.531250 0.125000
vt 0.531250 0.093750
vt 0.546875 0.531250
vt 0.546875 0.562500
vt 0.531250 0.562500
vt 0.531250 0.531250
vt 0.554688 0.968750
vt 0.546875 0.937500
vt 0.546875 0.000000
vt 0.554688 0.031250
vt 0.539062 0.031250
vt 0.546875 0.468750
vt 0.546875 0.500000
vt 0.531250 0.500000
vt 0.531250 0.468750
vt 0.546875 0.906250
vt 0.531250 0.937500
vt 0.531250 0.906250
vt 0.546875 0.406250
vt 0.546875 0.437500
vt 0.531250 0.437500
vt 0.531250 0.406250
vt 0.546875 0.843750
vt 0.546875 0.875000
vt 0.531250 0.875000
vt 0.531250 0.843750
vt 0.546875 0.343750
vt 0.546875 0.375000
vt 0.531250 0.375000
vt 0.531250 0.343750
vt 0.546875 0.781250
vt 0.546875 0.812500
vt 0.531250 0.812500
vt 0.531250 0.781250
vt 0.546875 0.281250
vt 0.546875 0.312500
vt 0.531250 0.312500
vt 0.531250 0.281250
vt 0.546875 0.718750
vt 0.546875 0.750000
vt 0.531250 0.750000
vt 0.531250 0.718750
vt 0.515625 0.906250
vt 0.515625 0.937500
vt 0.500000 0.937500
vt 0.500000 0.906250
vt 0.515625 0.406250
vt 0.515625 0.437500
vt 0.500000 0.437500
vt 0.500000 0.406250
vt 0.515625 0.843750
vt 0.515625 0.875000
vt 0.500000 0.875000
vt 0.500000 0.843750
vt 0.515625 0.343750
vt 0.515625 0.375000
vt 0.500000 0.375000
vt 0.500000 0.343750
vt 0.515625 0.781250
vt 0.515625 0.812500
vt 0.500000 0.812500
vt 0.500000 0.781250
vt 0.515625 0.281250
vt 0.515625 0.312500
vt 0.500000 0.312500
vt 0.500000 0.281250
vt 0.515625 0.718750
vt 0.515625 0.750000
vt 0.500000 0.750000
vt 0.500000 0.718750
vt 0.515625 0.218750
vt 0.515625 0.250000
vt 0.500000 0.250000
vt 0.500000 0.218750
vt 0.515625 0.656250
vt 0.515625 0.687500
vt 0.500000 0.687500
vt 0.500000 0.656250
vt 0.515625 0.156250
vt 0.515625 0.187500
vt 0.500000 0.187500
vt 0.500000 0.156250
vt 0.515625 0.593750
vt 0.515625 0.625000
vt 0.500000 0.625000
vt 0.500000 0.593750
vt 0.515625 0.093750
vt 0.515625 0.125000
vt 0.500000 0.125000
vt 0.500000 0.093750
vt 0.515625 0.531250
vt 0.515625 0.562500
vt 0.500000 0.562500
vt 0.500000 0.531250
vt 0.523438 0.968750
vt 0.515625 0.000000
vt 0.523438 0.031250
vt 0.507812 0.031250
vt 0.515625 0.468750
vt 0.515625 0.500000
vt 0.500000 0.500000
vt 0.500000 0.468750
vt 0.484375 0.656250
vt 0.484375 0.687500
vt 0.468750 0.687500
vt 0.468750 0.656250
vt 0.484375 0.156250
vt 0.484375 0.187500
vt 0.468750 0.187500
vt 0.468750 0.156250
vt 0.484375 0.593750
vt 0.484375 0.625000
vt 0.468750 0.625000
vt 0.468750 0.593750
vt 0.484375 0.093750
vt 0.484375 0.125000
vt 0.468750 0.125000
vt 0.468750 0.093750
vt 0.484375 0.531250
vt 0.484375 0.562500
vt 0.468750 0.562500
vt 0.468750 0.531250
vt 0.492188 0.968750
vt 0.484375 0.937500
vt 0.484375 0.000000
vt 0.492188 0.031250
vt 0.476562 0.031250
vt 0.484375 0.468750
vt 0.484375 0.500000
vt 0.468750 0.500000
vt 0.468750 0.468750
vt 0.484375 0.906250
vt 0.468750 0.937500
vt 0.468750 0.906250
vt 0.484375 0.406250
vt 0.484375 0.437500
vt 0.468750 0.437500
vt 0.468750 0.406250
vt 0.484375 0.843750
vt 0.484375 0.875000
vt 0.468750 0.875000
vt 0.468750 0.843750
vt 0.484375 0.343750
vt 0.484375 0.375000
vt 0.468750 0.375000
vt 0.468750 0.343750
vt 0.484375 0.781250
vt 0.484375 0.812500
vt 0.468750 0.812500
vt 0.468750 0.781250
vt 0.484375 0.281250
vt 0.484375 0.312500
vt 0.468750 0.312500
vt 0.468750 0.281250
vt 0.484375 0.718750
vt 0.484375 0.750000
vt 0.468750 0.750000
vt 0.468750 0.718750
vt 0.484375 0.218750
vt 0.484375 0.250000
vt 0.468750 0.250000
vt 0.468750 0.218750
vt 0.453125 0.406250
vt 0.453125 0.437500
vt 0.437500 0.437500
vt 0.437500 0.406250
vt 0.453125 0.843750
vt 0.453125 0.875000
vt 0.437500 0.875000
vt 0.437500 0.843750
vt 0.453125 0.343750
vt 0.453125 0.375000
vt 0.437500 0.375000
vt 0.437500 0.343750
vt 0.453125 0.781250
vt 0.453125 0.812500
vt 0.437500 0.812500
vt 0.437500 0.781250
vt 0.453125 0.281250
vt 0.453125 0.312500
vt 0.437500 0.312500
vt 0.437500 0.281250
vt 0.453125 0.718750
vt 0.453125 0.750000
vt 0.437500 0.750000
vt 0.437500 0.718750
vt 0.453125 0.218750
vt 0.453125 0.250000
vt 0.437500 0.250000
vt 0.437500 0.218750
vt 0.453125 0.656250
vt 0.453125 0.687500
vt 0.437500 0.687500
vt 0.437500 0.656250
vt 0.453125 0.156250
vt 0.453125 0.187500
vt 0.437500 0.187500
vt 0.437500 0.156250
vt 0.453125 0.593750
vt 0.453125 0.625000
vt 0.437500 0.625000
vt 0.437500 0.593750
vt 0.453125 0.093750
vt 0.453125 0.125000
vt 0.437500 0.125000
vt 0.437500 0.093750
vt 0.453125 0.531250
vt 0.453125 0.562500
vt 0.437500 0.562500
vt 0.437500 0.531250
vt 0.460938 0.968750
vt 0.453125 0.937500
vt 0.453125 0.000000
vt 0.460938 0.031250
vt 0.445312 0.031250
vt 0.453125 0.468750
vt 0.453125 0.500000
vt 0.437500 0.500000
vt 0.437500 0.468750
vt 0.453125 0.906250
vt 0.437500 0.937500
vt 0.437500 0.906250
vt 0.421875 0.156250
vt 0.421875 0.187500
vt 0.406250 0.187500
vt 0.406250 0.156250
vt 0.421875 0.593750
vt 0.421875 0.625000
vt 0.406250 0.625000
vt 0.406250 0.593750
vt 0.421875 0.093750
vt 0.421875 0.125000
vt 0.406250 0.125000
vt 0.406250 0.093750
vt 0.421875 0.531250
vt 0.421875 0.562500
vt 0.406250 0.562500
vt 0.406250 0.531250
vt 0.429688 0.968750
vt 0.421875 0.937500
vt 0.421875 0.000000
vt 0.429688 0.031250
vt 0.414062 0.031250
vt 0.421875 0.468750
vt 0.421875 0.500000
vt 0.406250 0.500000
vt 0.406250 0.468750
vt 0.421875 0.906250
vt 0.406250 0.937500
vt 0.406250 0.906250
vt 0.421875 0.406250
vt 0.421875 0.437500
vt 0.406250 0.437500
vt 0.406250 0.406250
vt 0.421875 0.843750
vt 0.421875 0.875000
vt 0.406250 0.875000
vt 0.406250 0.843750
vt 0.421875 0.343750
vt 0.421875 0.375000
vt 0.406250 0.375000
vt 0.406250 0.343750
vt 0.421875 0.781250
vt 0.421875 0.812500
vt 0.406250 0.812500
vt 0.406250 0.781250
vt 0.421875 0.281250
vt 0.421875 0.312500
vt 0.406250 0.312500
vt 0.406250 0.281250
vt 0.421875 0.718750
vt 0.421875 0.750000
vt 0.406250 0.750000
vt 0.406250 0.718750
vt 0.421875 0.218750
vt 0.421875 0.250000
vt 0.406250 0.250000
vt 0.406250 0.218750
vt 0.421875 0.656250
vt 0.421875 0.687500
vt 0.406250 0.687500
vt 0.406250 0.656250
vt 0.390625 0.343750
vt 0.390625 0.375000
vt 0.375000 0.375000
vt 0.375000 0.343750
vt 0.390625 0.781250
vt 0.390625 0.812500
vt 0.375000 0.812500
vt 0.375000 0.781250
vt 0.390625 0.281250
vt 0.390625 0.312500
vt 0.375000 0.312500
vt 0.375000 0.281250
vt 0.390625 0.718750
vt 0.390625 0.750000
vt 0.375000 0.750000
vt 0.375000 0.718750
vt 0.390625 0.218750
vt 0.390625 0.250000
vt 0.375000 0.250000
vt 0.375000 0.218750
vt 0.390625 0.656250
vt 0.390625 0.687500
vt 0.375000 0.687500
vt 0.375000 0.656250
vt 0.390625 0.156250
vt 0.390625 0.187500
vt 0.375000 0.187500
vt 0.375000 0.156250
vt 0.390625 0.593750
vt 0.390625 0.625000
vt 0.375000 0.625000
vt 0.375000 0.593750
vt 0.390625 0.093750
vt 0.390625 0.125000
vt 0.375000 0.125000
vt 0.375000 0.093750
vt 0.390625 0.531250
vt 0.390625 0.562500
vt 0.375000 0.562500
vt 0.375000 0.531250
vt 0.398438 0.968750
vt 0.390625 0.937500
vt 0.390625 0.000000
vt 0.398438 0.031250
vt 0.382812 0.031250
vt 0.390625 0.468750
vt 0.390625 0.500000
vt 0.375000 0.500000
vt 0.375000 0.468750
vt 0.390625 0.906250
vt 0.375000 0.937500
vt 0.375000 0.906250
vt 0.390625 0.406250
vt 0.390625 0.437500
vt 0.375000 0.437500
vt 0.375000 0.406250
vt 0.390625 0.843750
vt 0.390625 0.875000
vt 0.375000 0.875000
vt 0.375000 0.843750
vt 0.359375 0.093750
vt 0.359375 0.125000
vt 0.343750 0.125000
vt 0.343750 0.093750
vt 0.359375 0.531250
vt 0.359375 0.562500
vt 0.343750 0.562500
vt 0.343750 0.531250
vt 0.367188 0.968750
vt 0.359375 0.937500
vt 0.359375 0.000000
vt 0.367188 0.031250
vt 0.351562 0.031250
vt 0.359375 0.468750
vt 0.359375 0.500000
vt 0.343750 0.500000
vt 0.343750 0.468750
vt 0.359375 0.906250
vt 0.343750 0.937500
vt 0.343750 0.906250
vt 0.359375 0.406250
vt 0.359375 0.437500
vt 0.343750 0.437500
vt 0.343750 0.406250
vt 0.359375 0.843750
vt 0.359375 0.875000
vt 0.343750 0.875000
vt 0.343750 0.843750
vt 0.359375 0.343750
vt 0.359375 0.375000
vt 0.343750 0.375000
vt 0.343750 0.343750
vt 0.359375 0.781250
vt 0.359375 0.812500
vt 0.343750 0.812500
vt 0.343750 0.781250
vt 0.359375 0.281250
vt 0.359375 0.312500
vt 0.343750 0.312500
vt 0.343750 0.281250
vt 0.359375 0.718750
vt 0.359375 0.750000
vt 0.343750 0.750000
vt 0.343750 0.718750
vt 0.359375 0.218750
vt 0.359375 0.250000
vt 0.343750 0.250000
vt 0.343750 0.218750
vt 0.359375 0.656250
vt 0.359375 0.687500
vt 0.343750 0.687500
vt 0.343750 0.656250
vt 0.359375 0.156250
vt 0.359375 0.187500
vt 0.343750 0.187500
vt 0.343750 0.156250
vt 0.359375 0.593750
vt 0.359375 0.625000
vt 0.343750 0.625000
vt 0.343750 0.593750
vt 0.328125 0.781250
vt 0.328125 0.812500
vt 0.312500 0.812500
vt 0.312500 0.781250
vt 0.328125 0.281250
vt 0.328125 0.312500
vt 0.312500 0.312500
vt 0.312500 0.281250
vt 0.328125 0.718750
vt 0.328125 0.750000
vt 0.312500 0.750000
vt 0.312500 0.718750
vt 0.328125 0.218750
vt 0.328125 0.250000
vt 0.312500 0.250000
vt 0.312500 0.218750
vt 0.328125 0.656250
vt 0.328125 0.687500
vt 0.312500 0.687500
vt 0.312500 0.656250
vt 0.328125 0.156250
vt 0.328125 0.187500
vt 0.312500 0.187500
vt 0.312500 0.156250
vt 0.328125 0.593750
vt 0.328125 0.625000
vt 0.312500 0.625000
vt 0.312500 0.593750
vt 0.328125 0.093750
vt 0.328125 0.125000
vt 0.312500 0.125000
vt 0.312500 0.093750
vt 0.328125 0.531250
vt 0.328125 0.562500
vt 0.312500 0.562500
vt 0.312500 0.531250
vt 0.335938 0.968750
vt 0.328125 0.937500
vt 0.328125 0.000000
vt 0.335938 0.031250
vt 0.320312 0.031250
vt 0.328125 0.468750
vt 0.328125 0.500000
vt 0.312500 0.500000
vt 0.312500 0.468750
vt 0.328125 0.906250
vt 0.312500 0.937500
vt 0.312500 0.906250
vt 0.328125 0.406250
vt 0.328125 0.437500
vt 0.312500 0.437500
vt 0.312500 0.406250
vt 0.328125 0.843750
vt 0.328125 0.875000
vt 0.312500 0.875000
vt 0.312500 0.843750
vt 0.328125 0.343750
vt 0.328125 0.375000
vt 0.312500 0.375000
vt 0.312500 0.343750
vt 0.296875 0.531250
vt 0.296875 0.562500
vt 0.281250 0.562500
vt 0.281250 0.531250
vt 0.304688 0.968750
vt 0.296875 0.937500
vt 0.296875 0.000000
vt 0.304688 0.031250
vt 0.289062 0.031250
vt 0.296875 0.468750
vt 0.296875 0.500000
vt 0.281250 0.500000
vt 0.281250 0.468750
vt 0.296875 0.906250
vt 0.281250 0.937500
vt 0.281250 0.906250
vt 0.296875 0.406250
vt 0.296875 0.437500
vt 0.281250 0.437500
vt 0.281250 0.406250
vt 0.296875 0.843750
vt 0.296875 0.875000
vt 0.281250 0.875000
vt 0.281250 0.843750
vt 0.296875 0.343750
vt 0.296875 0.375000
vt 0.281250 0.375000
vt 0.281250 0.343750
vt 0.296875 0.781250
vt 0.296875 0.812500
vt 0.281250 0.812500
vt 0.281250 0.781250
vt 0.296875 0.281250
vt 0.296875 0.312500
vt 0.281250 0.312500
vt 0.281250 0.281250
vt 0.296875 0.718750
vt 0.296875 0.750000
vt 0.281250 0.750000
vt 0.281250 0.718750
vt 0.296875 0.218750
vt 0.296875 0.250000
vt 0.281250 0.250000
vt 0.281250 0.218750
vt 0.296875 0.656250
vt 0.296875 0.687500
vt 0.281250 0.687500
vt 0.281250 0.656250
vt 0.296875 0.156250
vt 0.296875 0.187500
vt 0.281250 0.187500
vt 0.281250 0.156250
vt 0.296875 0.593750
vt 0.296875 0.625000
vt 0.281250 0.625000
vt 0.281250 0.593750
vt 0.296875 0.093750
vt 0.296875 0.125000
vt 0.281250 0.125000
vt 0.281250 0.093750
vt 0.265625 0.281250
vt 0.265625 0.312500
vt 0.250000 0.312500
vt 0.250000 0.281250
vt 0.265625 0.718750
vt 0.265625 0.750000
vt 0.250000 0.750000
vt 0.250000 0.718750
vt 0.265625 0.218750
vt 0.265625 0.250000
vt 0.250000 0.250000
vt 0.250000 0.218750
vt 0.265625 0.656250
vt 0.265625 0.687500
vt 0.250000 0.687500
vt 0.250000 0.656250
vt 0.265625 0.156250
vt 0.265625 0.187500
vt 0.250000 0.187500
vt 0.250000 0.156250
vt 0.265625 0.593750
vt 0.265625 0.625000
vt 0.250000 0.625000
vt 0.250000 0.593750
vt 0.265625 0.093750
vt 0.265625 0.125000
vt 0.250000 0.125000
vt 0.250000 0.093750
vt 0.265625 0.531250
vt 0.265625 0.562500
vt 0.250000 0.562500
vt 0.250000 0.531250
vt 0.273438 0.968750
vt 0.265625 0.937500
vt 0.265625 0.000000
vt 0.273438 0.031250
vt 0.257812 0.031250
vt 0.265625 0.468750
vt 0.265625 0.500000
vt 0.250000 0.500000
vt 0.250000 0.468750
vt 0.265625 0.906250
vt 0.250000 0.937500
vt 0.250000 0.906250
vt 0.265625 0.406250
vt 0.265625 0.437500
vt 0.250000 0.437500
vt 0.250000 0.406250
vt 0.265625 0.843750
vt 0.265625 0.875000
vt 0.250000 0.875000
vt 0.250000 0.843750
vt 0.265625 0.343750
vt 0.265625 0.375000
vt 0.250000 0.375000
vt 0.250000 0.343750
vt 0.265625 0.781250
vt 0.265625 0.812500
vt 0.250000 0.812500
vt 0.250000 0.781250
vt 0.242188 0.968750
vt 0.234375 0.937500
vt 0.234375 0.000000
vt 0.242188 0.031250
vt 0.226562 0.031250
vt 0.234375 0.468750
vt 0.234375 0.500000
vt 0.218750 0.500000
vt 0.218750 0.468750
vt 0.234375 0.906250
vt 0.218750 0.937500
vt 0.218750 0.906250
vt 0.234375 0.406250
vt 0.234375 0.437500
vt 0.218750 0.437500
vt 0.218750 0.406250
vt 0.234375 0.843750
vt 0.234375 0.875000
vt 0.218750 0.875000
vt 0.218750 0.843750
vt 0.234375 0.343750
vt 0.234375 0.375000
vt 0.218750 0.375000
vt 0.218750 0.343750
vt 0.234375 0.781250
vt 0.234375 0.812500
vt 0.218750 0.812500
vt 0.218750 0.781250
vt 0.234375 0.281250
vt 0.234375 0.312500
vt 0.218750 0.312500
vt 0.218750 0.281250
vt 0.234375 0.718750
vt 0.234375 0.750000
vt 0.218750 0.750000
vt 0.218750 0.718750
vt 0.234375 0.218750
vt 0.234375 0.250000
vt 0.218750 0.250000
vt 0.218750 0.218750
vt 0.234375 0.656250
vt 0.234375 0.687500
vt 0.218750 0.687500
vt 0.218750 0.656250
vt 0.234375 0.156250
vt 0.234375 0.187500
vt 0.218750 0.187500
vt 0.218750 0.156250
vt 0.234375 0.593750
vt 0.234375 0.625000
vt 0.218750 0.625000
vt 0.218750 0.593750
vt 0.234375 0.093750
vt 0.234375 0.125000
vt 0.218750 0.125000
vt 0.218750 0.093750
vt 0.234375 0.531250
vt 0.234375 0.562500
vt 0.218750 0.562500
vt 0.218750 0.531250
vt 0.203125 0.718750
vt 0.203125 0.750000
vt 0.187500 0.750000
vt 0.187500 0.718750
vt 0.203125 0.218750
vt 0.203125 0.250000
vt 0.187500 0.250000
vt 0.187500 0.218750
vt 0.203125 0.656250
vt 0.203125 0.687500
vt 0.187500 0.687500
vt 0.187500 0.656250
vt 0.203125 0.156250
vt 0.203125 0.187500
vt 0.187500 0.187500
vt 0.187500 0.156250
vt 0.203125 0.593750
vt 0.203125 0.625000
vt 0.187500 0.625000
vt 0.187500 0.593750
vt 0.203125 0.093750
vt 0.203125 0.125000
vt 0.187500 0.125000
vt 0.187500 0.093750
vt 0.203125 0.531250
vt 0.203125 0.562500
vt 0.187500 0.562500
vt 0.187500 0.531250
vt 0.210938 0.968750
vt 0.203125 0.937500
vt 0.203125 0.000000
vt 0.210938 0.031250
vt 0.195312 0.031250
vt 0.203125 0.468750
vt 0.203125 0.500000
vt 0.187500 0.500000
vt 0.187500 0.468750
vt 0.203125 0.906250
vt 0.187500 0.937500
vt 0.187500 0.906250
vt 0.203125 0.406250
vt 0.203125 0.437500
vt 0.187500 0.437500
vt 0.187500 0.406250
vt 0.203125 0.843750
vt 0.203125 0.875000
vt 0.187500 0.875000
vt 0.187500 0.843750
vt 0.203125 0.343750
vt 0.203125 0.375000
vt 0.187500 0.375000
vt 0.187500 0.343750
vt 0.203125 0.781250
vt 0.203125 0.812500
vt 0.187500 0.812500
vt 0.187500 0.781250
vt 0.203125 0.281250
vt 0.203125 0.312500
vt 0.187500 0.312500
vt 0.187500 0.281250
vt 0.171875 0.468750
vt 0.171875 0.500000
vt 0.156250 0.500000
vt 0.156250 0.468750
vt 0.171875 0.906250
vt 0.171875 0.937500
vt 0.156250 0.937500
vt 0.156250 0.906250
vt 0.171875 0.406250
vt 0.171875 0.437500
vt 0.156250 0.437500
vt 0.156250 0.406250
vt 0.171875 0.843750
vt 0.171875 0.875000
vt 0.156250 0.875000
vt 0.156250 0.843750
vt 0.171875 0.343750
vt 0.171875 0.375000
vt 0.156250 0.375000
vt 0.156250 0.343750
vt 0.171875 0.781250
vt 0.171875 0.812500
vt 0.156250 0.812500
vt 0.156250 0.781250
vt 0.171875 0.281250
vt 0.171875 0.312500
vt 0.156250 0.312500
vt 0.156250 0.281250
vt 0.171875 0.718750
vt 0.171875 0.750000
vt 0.156250 0.750000
vt 0.156250 0.718750
vt 0.171875 0.218750
vt 0.171875 0.250000
vt 0.156250 0.250000
vt 0.156250 0.218750
vt 0.171875 0.656250
vt 0.171875 0.687500
vt 0.156250 0.687500
vt 0.156250 0.656250
vt 0.171875 0.156250
vt 0.171875 0.187500
vt 0.156250 0.187500
vt 0.156250 0.156250
vt 0.171875 0.593750
vt 0.171875 0.625000
vt 0.156250 0.625000
vt 0.156250 0.593750
vt 0.171875 0.093750
vt 0.171875 0.125000
vt 0.156250 0.125000
vt 0.156250 0.093750
vt 0.171875 0.531250
vt 0.171875 0.562500
vt 0.156250 0.562500
vt 0.156250 0.531250
vt 0.179688 0.968750
vt 0.171875 0.000000
vt 0.179688 0.031250
vt 0.164063 0.031250
vt 0.140625 0.218750
vt 0.140625 0.250000
vt 0.125000 0.250000
vt 0.125000 0.218750
vt 0.140625 0.656250
vt 0.140625 0.687500
vt 0.125000 0.687500
vt 0.125000 0.656250
vt 0.140625 0.156250
vt 0.140625 0.187500
vt 0.125000 0.187500
vt 0.125000 0.156250
vt 0.140625 0.593750
vt 0.140625 0.625000
vt 0.125000 0.625000
vt 0.125000 0.593750
vt 0.140625 0.093750
vt 0.140625 0.125000
vt 0.125000 0.125000
vt 0.125000 0.093750
vt 0.140625 0.531250
vt 0.140625 0.562500
vt 0.125000 0.562500
vt 0.125000 0.531250
vt 0.148438 0.968750
vt 0.140625 0.937500
vt 0.140625 0.000000
vt 0.148438 0.031250
vt 0.132813 0.031250
vt 0.140625 0.468750
vt 0.140625 0.500000
vt 0.125000 0.500000
vt 0.125000 0.468750
vt 0.140625 0.906250
vt 0.125000 0.937500
vt 0.125000 0.906250
vt 0.140625 0.406250
vt 0.140625 0.437500
vt 0.125000 0.437500
vt 0.125000 0.406250
vt 0.140625 0.843750
vt 0.140625 0.875000
vt 0.125000 0.875000
vt 0.125000 0.843750
vt 0.140625 0.343750
vt 0.140625 0.375000
vt 0.125000 0.375000
vt 0.125000 0.343750
vt 0.140625 0.781250
vt 0.140625 0.812500
vt 0.125000 0.812500
vt 0.125000 0.781250
vt 0.140625 0.281250
vt 0.140625 0.312500
vt 0.125000 0.312500
vt 0.125000 0.281250
vt 0.140625 0.718750
vt 0.140625 0.750000
vt 0.125000 0.750000
vt 0.125000 0.718750
vt 0.109375 0.406250
vt 0.109375 0.437500
vt 0.093750 0.437500
vt 0.093750 0.406250
vt 0.109375 0.843750
vt 0.109375 0.875000
vt 0.093750 0.875000
vt 0.093750 0.843750
vt 0.109375 0.343750
vt 0.109375 0.375000
vt 0.093750 0.375000
vt 0.093750 0.343750
vt 0.109375 0.781250
vt 0.109375 0.812500
vt 0.093750 0.812500
vt 0.093750 0.781250
vt 0.109375 0.281250
vt 0.109375 0.312500
vt 0.093750 0.312500
vt 0.093750 0.281250
vt 0.109375 0.718750
vt 0.109375 0.750000
vt 0.093750 0.750000
vt 0.093750 0.718750
vt 0.109375 0.218750
vt 0.109375 0.250000
vt 0.093750 0.250000
vt 0.093750 0.218750
vt 0.109375 0.656250
vt 0.109375 0.687500
vt 0.093750 0.687500
vt 0.093750 0.656250
vt 0.109375 0.156250
vt 0.109375 0.187500
vt 0.093750 0.187500
vt 0.093750 0.156250
vt 0.109375 0.593750
vt 0.109375 0.625000
vt 0.093750 0.625000
vt 0.093750 0.593750
vt 0.109375 0.093750
vt 0.109375 0.125000
vt 0.093750 0.125000
vt 0.093750 0.093750
vt 0.109375 0.531250
vt 0.109375 0.562500
vt 0.093750 0.562500
vt 0.093750 0.531250
vt 0.117188 0.968750
vt 0.109375 0.937500
vt 0.109375 0.000000
vt 0.117188 0.031250
vt 0.101562 0.031250
vt 0.109375 0.468750
vt 0.109375 0.500000
vt 0.093750 0.500000
vt 0.093750 0.468750
vt 0.109375 0.906250
vt 0.093750 0.937500
vt 0.093750 0.906250
vt 0.078125 0.156250
vt 0.078125 0.187500
vt 0.062500 0.187500
vt 0.062500 0.156250
vt 0.078125 0.593750
vt 0.078125 0.625000
vt 0.062500 0.625000
vt 0.062500 0.593750
vt 0.078125 0.093750
vt 0.078125 0.125000
vt 0.062500 0.125000
vt 0.062500 0.093750
vt 0.078125 0.531250
vt 0.078125 0.562500
vt 0.062500 0.562500
vt 0.062500 0.531250
vt 0.085938 0.968750
vt 0.078125 0.937500
vt 0.078125 0.000000
vt 0.085938 0.031250
vt 0.070312 0.031250
vt 0.078125 0.468750
vt 0.078125 0.500000
vt 0.062500 0.500000
vt 0.062500 0.468750
vt 0.078125 0.906250
vt 0.062500 0.937500
vt 0.062500 0.906250
vt 0.078125 0.406250
vt 0.078125 0.437500
vt 0.062500 0.437500
vt 0.062500 0.406250
vt 0.078125 0.843750
vt 0.078125 0.875000
vt 0.062500 0.875000
vt 0.062500 0.843750
vt 0.078125 0.343750
vt 0.078125 0.375000
vt 0.062500 0.375000
vt 0.062500 0.343750
vt 0.078125 0.781250
vt 0.078125 0.812500
vt 0.062500 0.812500
vt 0.062500 0.781250
vt 0.078125 0.281250
vt 0.078125 0.312500
vt 0.062500 0.312500
vt 0.062500 0.281250
vt 0.078125 0.718750
vt 0.078125 0.750000
vt 0.062500 0.750000
vt 0.062500 0.718750
vt 0.078125 0.218750
vt 0.078125 0.250000
vt 0.062500 0.250000
vt 0.062500 0.218750
vt 0.078125 0.656250
vt 0.078125 0.687500
vt 0.062500 0.687500
vt 0.062500 0.656250
vt 0.046875 0.843750
vt 0.046875 0.875000
vt 0.031250 0.875000
vt 0.031250 0.843750
vt 0.046875 0.343750
vt 0.046875 0.375000
vt 0.031250 0.375000
vt 0.031250 0.343750
vt 0.046875 0.781250
vt 0.046875 0.812500
vt 0.031250 0.812500
vt 0.031250 0.781250
vt 0.046875 0.281250
vt 0.046875 0.312500
vt 0.031250 0.312500
vt 0.031250 0.281250
vt 0.046875 0.718750
vt 0.046875 0.750000
vt 0.031250 0.750000
vt 0.031250 0.718750
vt 0.046875 0.218750
vt 0.046875 0.250000
vt 0.031250 0.250000
vt 0.031250 0.218750
vt 0.046875 0.656250
vt 0.046875 0.687500
vt 0.031250 0.687500
vt 0.031250 0.656250
vt 0.046875 0.156250
vt 0.046875 0.187500
vt 0.031250 0.187500
vt 0.031250 0.156250
vt 0.046875 0.593750
vt 0.046875 0.625000
vt 0.031250 0.625000
vt 0.031250 0.593750
vt 0.046875 0.093750
vt 0.046875 0.125000
vt 0.031250 0.125000
vt 0.031250 0.093750
vt 0.046875 0.531250
vt 0.046875 0.562500
vt 0.031250 0.562500
vt 0.031250 0.531250
vt 0.054687 0.968750
vt 0.046875 0.937500
vt 0.046875 0.000000
vt 0.054687 0.031250
vt 0.039062 0.031250
vt 0.046875 0.468750
vt 0.046875 0.500000
vt 0.031250 0.500000
vt 0.031250 0.468750
vt 0.046875 0.906250
vt 0.031250 0.937500
vt 0.031250 0.906250
vt 0.046875 0.406250
vt 0.046875 0.437500
vt 0.031250 0.437500
vt 0.031250 0.406250
vt 0.015625 0.593750
vt 0.015625 0.625000
vt 0.000000 0.625000
vt 0.000000 0.593750
vt 0.015625 0.093750
vt 0.015625 0.125000
vt 0.000000 0.125000
vt 0.000000 0.093750
vt 0.015625 0.531250
vt 0.015625 0.562500
vt 0.000000 0.562500
vt 0.000000 0.531250
vt 0.023438 0.968750
vt 0.015625 0.937500
vt 0.015625 0.000000
vt 0.023438 0.031250
vt 0.007812 0.031250
vt 0.015625 0.468750
vt 0.015625 0.500000
vt 0.000000 0.500000
vt 0.000000 0.468750
vt 0.015625 0.906250
vt 0.000000 0.937500
vt 0.000000 0.906250
vt 0.015625 0.406250
vt 0.015625 0.437500
vt 0.000000 0.437500
vt 0.000000 0.406250
vt 0.015625 0.843750
vt 0.015625 0.875000
vt 0.000000 0.875000
vt 0.000000 0.843750
vt 0.015625 0.343750
vt 0.015625 0.375000
vt 0.000000 0.375000
vt 0.000000 0.343750
vt 0.015625 0.781250
vt 0.015625 0.812500
vt 0.000000 0.812500
vt 0.000000 0.781250
vt 0.015625 0.281250
vt 0.015625 0.312500
vt 0.000000 0.312500
vt 0.000000 0.281250
vt 0.015625 0.718750
vt 0.015625 0.750000
vt 0.000000 0.750000
vt 0.000000 0.718750
vt 0.015625 0.218750
vt 0.015625 0.250000
vt 0.000000 0.250000
vt 0.000000 0.218750
vt 0.015625 0.656250
vt 0.015625 0.687500
vt 0.000000 0.687500
vt 0.000000 0.656250
vt 0.015625 0.156250
vt 0.015625 0.187500
vt 0.000000 0.187500
vt 0.000000 0.156250
vt 0.984375 0.343750
vt 0.984375 0.375000
vt 0.968750 0.375000
vt 0.968750 0.343750
vt 0.984375 0.781250
vt 0.984375 0.812500
vt 0.968750 0.812500
vt 0.968750 0.781250
vt 0.984375 0.281250
vt 0.984375 0.312500
vt 0.968750 0.312500
vt 0.968750 0.281250
vt 0.984375 0.718750
vt 0.984375 0.750000
vt 0.968750 0.750000
vt 0.968750 0.718750
vt 0.984375 0.218750
vt 0.984375 0.250000
vt 0.968750 0.250000
vt 0.968750 0.218750
vt 0.984375 0.656250
vt 0.984375 0.687500
vt 0.968750 0.687500
vt 0.968750 0.656250
vt 0.984375 0.156250
vt 0.984375 0.187500
vt 0.968750 0.187500
vt 0.968750 0.156250
vt 0.984375 0.593750
vt 0.984375 0.625000
vt 0.968750 0.625000
vt 0.968750 0.593750
vt 0.984375 0.093750
vt 0.984375 0.125000
vt 0.968750 0.125000
vt 0.968750 0.093750
vt 0.984375 0.531250
vt 0.984375 0.562500
vt 0.968750 0.562500
vt 0.968750 0.531250
vt 1.000000 0.937500
vt 0.992188 0.968750
vt 0.984375 0.937500
vt 0.984375 0.000000
vt 0.992188 0.031250
vt 0.976562 0.031250
vt 0.984375 0.468750
vt 0.984375 0.500000
vt 0.968750 0.500000
vt 0.968750 0.468750
vt 0.984375 0.906250
vt 0.968750 0.937500
vt 0.968750 0.906250
vt 0.984375 0.406250
vt 0.984375 0.437500
vt 0.968750 0.437500
vt 0.968750 0.406250
vt 0.984375 0.843750
vt 0.984375 0.875000
vt 0.968750 0.875000
vt 0.968750 0.843750
vt 0.953125 0.093750
vt 0.953125 0.125000
vt 0.937500 0.125000
vt 0.937500 0.093750
vt 0.953125 0.531250
vt 0.953125 0.562500
vt 0.937500 0.562500
vt 0.937500 0.531250
vt 0.960938 0.968750
vt 0.953125 0.937500
vt 0.953125 0.000000
vt 0.960938 0.031250
vt 0.945312 0.031250
vt 0.953125 0.468750
vt 0.953125 0.500000
vt 0.937500 0.500000
vt 0.937500 0.468750
vt 0.953125 0.906250
vt 0.937500 0.937500
vt 0.937500 0.906250
vt 0.953125 0.406250
vt 0.953125 0.437500
vt 0.937500 0.437500
vt 0.937500 0.406250
vt 0.953125 0.843750
vt 0.953125 0.875000
vt 0.937500 0.875000
vt 0.937500 0.843750
vt 0.953125 0.343750
vt 0.953125 0.375000
vt 0.937500 0.375000
vt 0.937500 0.343750
vt 0.953125 0.781250
vt 0.953125 0.812500
vt 0.937500 0.812500
vt 0.937500 0.781250
vt 0.953125 0.281250
vt 0.953125 0.312500
vt 0.937500 0.312500
vt 0.937500 0.281250
vt 0.953125 0.718750
vt 0.953125 0.750000
vt 0.937500 0.750000
vt 0.937500 0.718750
vt 0.953125 0.218750
vt 0.953125 0.250000
vt 0.937500 0.250000
vt 0.937500 0.218750
vt 0.953125 0.656250
vt 0.953125 0.687500
vt 0.937500 0.687500
vt 0.937500 0.656250
vt 0.953125 0.156250
vt 0.953125 0.187500
vt 0.937500 0.187500
vt 0.937500 0.156250
vt 0.953125 0.593750
vt 0.953125 0.625000
vt 0.937500 0.625000
vt 0.937500 0.593750
vt 0.921875 0.781250
vt 0.921875 0.812500
vt 0.906250 0.812500
vt 0.906250 0.781250
vt 0.921875 0.281250
vt 0.921875 0.312500
vt 0.906250 0.312500
vt 0.906250 0.281250
vt 0.921875 0.718750
vt 0.921875 0.750000
vt 0.906250 0.750000
vt 0.906250 0.718750
vt 0.921875 0.218750
vt 0.921875 0.250000
vt 0.906250 0.250000
vt 0.906250 0.218750
vt 0.921875 0.656250
vt 0.921875 0.687500
vt 0.906250 0.687500
vt 0.906250 0.656250
vt 0.921875 0.156250
vt 0.921875 0.187500
vt 0.906250 0.187500
vt 0.906250 0.156250
vt 0.921875 0.593750
vt 0.921875 0.625000
vt 0.906250 0.625000
vt 0.906250 0.593750
vt 0.921875 0.093750
vt 0.921875 0.125000
vt 0.906250 0.125000
vt 0.906250 0.093750
vt 0.921875 0.531250
vt 0.921875 0.562500
vt 0.906250 0.562500
vt 0.906250 0.531250
vt 0.929688 0.968750
vt 0.921875 0.937500
vt 0.921875 0.000000
vt 0.929688 0.031250
vt 0.914062 0.031250
vt 0.921875 0.468750
vt 0.921875 0.500000
vt 0.906250 0.500000
vt 0.906250 0.468750
vt 0.921875 0.906250
vt 0.906250 0.937500
vt 0.906250 0.906250
vt 0.921875 0.406250
vt 0.921875 0.437500
vt 0.906250 0.437500
vt 0.906250 0.406250
vt 0.921875 0.843750
vt 0.921875 0.875000
vt 0.906250 0.875000
vt 0.906250 0.843750
vt 0.921875 0.343750
vt 0.921875 0.375000
vt 0.906250 0.375000
vt 0.906250 0.343750
vt 0.890625 0.531250
vt 0.890625 0.562500
vt 0.875000 0.562500
vt 0.875000 0.531250
vt 0.898438 0.968750
vt 0.890625 0.937500
vt 0.890625 0.000000
vt 0.898438 0.031250
vt 0.882812 0.031250
vt 0.890625 0.468750
vt 0.890625 0.500000
vt 0.875000 0.500000
vt 0.875000 0.468750
vt 0.890625 0.906250
vt 0.875000 0.937500
vt 0.875000 0.906250
vt 0.890625 0.406250
vt 0.890625 0.437500
vt 0.875000 0.437500
vt 0.875000 0.406250
vt 0.890625 0.843750
vt 0.890625 0.875000
vt 0.875000 0.875000
vt 0.875000 0.843750
vt 0.890625 0.343750
vt 0.890625 0.375000
vt 0.875000 0.375000
vt 0.875000 0.343750
vt 0.890625 0.781250
vt 0.890625 0.812500
vt 0.875000 0.812500
vt 0.875000 0.781250
vt 0.890625 0.281250
vt 0.890625 0.312500
vt 0.875000 0.312500
vt 0.875000 0.281250
vt 0.890625 0.718750
vt 0.890625 0.750000
vt 0.875000 0.750000
vt 0.875000 0.718750
vt 0.890625 0.218750
vt 0.890625 0.250000
vt 0.875000 0.250000
vt 0.875000 0.218750
vt 0.890625 0.656250
vt 0.890625 0.687500
vt 0.875000 0.687500
vt 0.875000 0.656250
vt 0.890625 0.156250
vt 0.890625 0.187500
vt 0.875000 0.187500
vt 0.875000 0.156250
vt 0.890625 0.593750
vt 0.890625 0.625000
vt 0.875000 0.625000
vt 0.875000 0.593750
vt 0.890625 0.093750
vt 0.890625 0.125000
vt 0.875000 0.125000
vt 0.875000 0.093750
vt 0.859375 0.281250
vt 0.859375 0.312500
vt 0.843750 0.312500
vt 0.843750 0.281250
vt 0.859375 0.718750
vt 0.859375 0.750000
vt 0.843750 0.750000
vt 0.843750 0.718750
vt 0.859375 0.218750
vt 0.859375 0.250000
vt 0.843750 0.250000
vt 0.843750 0.218750
vt 0.859375 0.656250
vt 0.859375 0.687500
vt 0.843750 0.687500
vt 0.843750 0.656250
vt 0.859375 0.156250
vt 0.859375 0.187500
vt 0.843750 0.187500
vt 0.843750 0.156250
vt 0.859375 0.593750
vt 0.859375 0.625000
vt 0.843750 0.625000
vt 0.843750 0.593750
vt 0.859375 0.093750
vt 0.859375 0.125000
vt 0.843750 0.125000
vt 0.843750 0.093750
vt 0.859375 0.531250
vt 0.859375 0.562500
vt 0.843750 0.562500
vt 0.843750 0.531250
vt 0.867188 0.968750
vt 0.859375 0.937500
vt 0.859375 0.000000
vt 0.867188 0.031250
vt 0.851562 0.031250
vt 0.859375 0.468750
vt 0.859375 0.500000
vt 0.843750 0.500000
vt 0.843750 0.468750
vt 0.859375 0.906250
vt 0.843750 0.937500
vt 0.843750 0.906250
vt 0.859375 0.406250
vt 0.859375 0.437500
vt 0.843750 0.437500
vt 0.843750 0.406250
vt 0.859375 0.843750
vt 0.859375 0.875000
vt 0.843750 0.875000
vt 0.843750 0.843750
vt 0.859375 0.343750
vt 0.859375 0.375000
vt 0.843750 0.375000
vt 0.843750 0.343750
vt 0.859375 0.781250
vt 0.859375 0.812500
vt 0.843750 0.812500
vt 0.843750 0.781250
vt 0.828125 0.000000
vt 0.835938 0.031250
vt 0.820312 0.031250
vt 0.828125 0.468750
vt 0.828125 0.500000
vt 0.812500 0.500000
vt 0.812500 0.468750
vt 0.828125 0.906250
vt 0.828125 0.937500
vt 0.812500 0.937500
vt 0.812500 0.906250
vt 0.828125 0.406250
vt 0.828125 0.437500
vt 0.812500 0.437500
vt 0.812500 0.406250
vt 0.828125 0.843750
vt 0.828125 0.875000
vt 0.812500 0.875000
vt 0.812500 0.843750
vt 0.828125 0.343750
vt 0.828125 0.375000
vt 0.812500 0.375000
vt 0.812500 0.343750
vt 0.828125 0.781250
vt 0.828125 0.812500
vt 0.812500 0.812500
vt 0.812500 0.781250
vt 0.828125 0.281250
vt 0.828125 0.312500
vt 0.812500 0.312500
vt 0.812500 0.281250
vt 0.828125 0.718750
vt 0.828125 0.750000
vt 0.812500 0.750000
vt 0.812500 0.718750
vt 0.828125 0.218750
vt 0.828125 0.250000
vt 0.812500 0.250000
vt 0.812500 0.218750
vt 0.828125 0.656250
vt 0.828125 0.687500
vt 0.812500 0.687500
vt 0.812500 0.656250
vt 0.828125 0.156250
vt 0.828125 0.187500
vt 0.812500 0.187500
vt 0.812500 0.156250
vt 0.828125 0.593750
vt 0.828125 0.625000
vt 0.812500 0.625000
vt 0.812500 0.593750
vt 0.828125 0.093750
vt 0.828125 0.125000
vt 0.812500 0.125000
vt 0.812500 0.093750
vt 0.828125 0.531250
vt 0.828125 0.562500
vt 0.812500 0.562500
vt 0.812500 0.531250
vt 0.835938 0.968750
vt 0.796875 0.218750
vt 0.796875 0.250000
vt 0.781250 0.250000
vt 0.781250 0.218750
vt 0.796875 0.656250
vt 0.796875 0.687500
vt 0.781250 0.687500
vt 0.781250 0.656250
vt 0.796875 0.156250
vt 0.796875 0.187500
vt 0.781250 0.187500
vt 0.781250 0.156250
vt 0.796875 0.593750
vt 0.796875 0.625000
vt 0.781250 0.625000
vt 0.781250 0.593750
vt 0.796875 0.093750
vt 0.796875 0.125000
vt 0.781250 0.125000
vt 0.781250 0.093750
vt 0.796875 0.531250
vt 0.796875 0.562500
vt 0.781250 0.562500
vt 0.781250 0.531250
vt 0.804688 0.968750
vt 0.796875 0.937500
vt 0.796875 0.000000
vt 0.804688 0.031250
vt 0.789062 0.031250
vt 0.796875 0.468750
vt 0.796875 0.500000
vt 0.781250 0.500000
vt 0.781250 0.468750
vt 0.796875 0.906250
vt 0.781250 0.937500
vt 0.781250 0.906250
vt 0.796875 0.406250
vt 0.796875 0.437500
vt 0.781250 0.437500
vt 0.781250 0.406250
vt 0.796875 0.843750
vt 0.796875 0.875000
vt 0.781250 0.875000
vt 0.781250 0.843750
vt 0.796875 0.343750
vt 0.796875 0.375000
vt 0.781250 0.375000
vt 0.781250 0.343750
vt 0.796875 0.781250
vt 0.796875 0.812500
vt 0.781250 0.812500
vt 0.781250 0.781250
vt 0.796875 0.281250
vt 0.796875 0.312500
vt 0.781250 0.312500
vt 0.781250 0.281250
vt 0.796875 0.718750
vt 0.796875 0.750000
vt 0.781250 0.750000
vt 0.781250 0.718750
vt 0.765625 0.906250
vt 0.765625 0.937500
vt 0.750000 0.906250
vt 0.765625 0.406250
vt 0.765625 0.437500
vt 0.750000 0.437500
vt 0.750000 0.406250
vt 0.765625 0.843750
vt 0.765625 0.875000
vt 0.750000 0.875000
vt 0.750000 0.843750
vt 0.765625 0.343750
vt 0.765625 0.375000
vt 0.750000 0.375000
vt 0.750000 0.343750
vt 0.765625 0.781250
vt 0.765625 0.812500
vt 0.750000 0.812500
vt 0.750000 0.781250
vt 0.765625 0.281250
vt 0.765625 0.312500
vt 0.750000 0.312500
vt 0.750000 0.281250
vt 0.765625 0.718750
vt 0.765625 0.750000
vt 0.750000 0.750000
vt 0.750000 0.718750
vt 0.765625 0.218750
vt 0.765625 0.250000
vt 0.750000 0.250000
vt 0.750000 0.218750
vt 0.765625 0.656250
vt 0.765625 0.687500
vt 0.750000 0.687500
vt 0.750000 0.656250
vt 0.765625 0.156250
vt 0.765625 0.187500
vt 0.750000 0.187500
vt 0.750000 0.156250
vt 0.765625 0.593750
vt 0.765625 0.625000
vt 0.750000 0.625000
vt 0.750000 0.593750
vt 0.765625 0.093750
vt 0.765625 0.125000
vt 0.750000 0.125000
vt 0.750000 0.093750
vt 0.765625 0.531250
vt 0.765625 0.562500
vt 0.750000 0.562500
vt 0.750000 0.531250
vt 0.773438 0.968750
vt 0.765625 0.000000
vt 0.773438 0.031250
vt 0.757812 0.031250
vt 0.765625 0.468750
vt 0.765625 0.500000
vt 0.750000 0.500000
vt 0.750000 0.468750
vt 0.765625 0.062500
vt 0.750000 0.062500
vt 0.781250 0.062500
vt 0.757812 0.968750
vt 0.765625 1.000000
vt 0.796875 0.062500
vt 0.812500 0.062500
vt 0.789062 0.968750
vt 0.796875 1.000000
vt 0.820312 0.968750
vt 0.828125 1.000000
vt 0.828125 0.062500
vt 0.843750 0.062500
vt 0.859375 0.062500
vt 0.875000 0.062500
vt 0.851562 0.968750
vt 0.859375 1.000000
vt 0.890625 0.062500
vt 0.906250 0.062500
vt 0.882812 0.968750
vt 0.890625 1.000000
vt 0.921875 0.062500
vt 0.937500 0.062500
vt 0.914062 0.968750
vt 0.921875 1.000000
vt 0.953125 0.062500
vt 0.968750 0.062500
vt 0.945312 0.968750
vt 0.953125 1.000000
vt 1.000000 0.812500
vt 1.000000 0.843750
vt 1.000000 0.875000
vt 1.000000 0.375000
vt 1.000000 0.406250
vt 1.000000 0.437500
vt 1.000000 0.906250
vt 1.000000 0.468750
vt 1.000000 0.500000
vt 0.984375 0.062500
vt 1.000000 0.062500
vt 0.976562 0.968750
vt 0.984375 1.000000
vt 1.000000 0.531250
vt 1.000000 0.562500
vt 1.000000 0.093750
vt 1.000000 0.125000
vt 1.000000 0.593750
vt 1.000000 0.625000
vt 1.000000 0.156250
vt 1.000000 0.187500
vt 1.000000 0.656250
vt 1.000000 0.687500
vt 1.000000 0.218750
vt 1.000000 0.250000
vt 1.000000 0.718750
vt 1.000000 0.750000
vt 1.000000 0.281250
vt 1.000000 0.312500
vt 1.000000 0.781250
vt 1.000000 0.343750
vt 0.015625 0.062500
vt 0.000000 0.062500
vt 0.031250 0.062500
vt 0.007812 0.968750
vt 0.015625 1.000000
vt 0.046875 0.062500
vt 0.062500 0.062500
vt 0.039062 0.968750
vt 0.046875 1.000000
vt 0.078125 0.062500
vt 0.093750 0.062500
vt 0.070312 0.968750
vt 0.078125 1.000000
vt 0.109375 0.062500
vt 0.125000 0.062500
vt 0.101562 0.968750
vt 0.109375 1.000000
vt 0.140625 0.062500
vt 0.156250 0.062500
vt 0.132813 0.968750
vt 0.140625 1.000000
vt 0.171875 0.062500
vt 0.187500 0.062500
vt 0.164063 0.968750
vt 0.171875 1.000000
vt 0.203125 0.062500
vt 0.218750 0.062500
vt 0.195312 0.968750
vt 0.203125 1.000000
vt 0.234375 0.062500
vt 0.250000 0.062500
vt 0.226562 0.968750
vt 0.234375 1.000000
vt 0.265625 0.062500
vt 0.281250 0.062500
vt 0.257812 0.968750
vt 0.265625 1.000000
vt 0.296875 0.062500
vt 0.312500 0.062500
vt 0.289062 0.968750
vt 0.296875 1.000000
vt 0.328125 0.062500
vt 0.343750 0.062500
vt 0.320312 0.968750
vt 0.328125 1.000000
vt 0.359375 0.062500
vt 0.375000 0.062500
vt 0.351562 0.968750
vt 0.359375 1.000000
vt 0.390625 0.062500
vt 0.406250 0.062500
vt 0.382812 0.968750
vt 0.390625 1.000000
vt 0.421875 0.062500
vt 0.437500 0.062500
vt 0.414062 0.968750
vt 0.421875 1.000000
vt 0.453125 0.062500
vt 0.468750 0.062500
vt 0.445312 0.968750
vt 0.453125 1.000000
vt 0.484375 0.062500
vt 0.500000 0.062500
vt 0.476562 0.968750
vt 0.484375 1.000000
vt 0.515625 0.062500
vt 0.531250 0.062500
vt 0.507812 0.968750
vt 0.515625 1.000000
vt 0.546875 0.062500
vt 0.562500 0.062500
vt 0.539062 0.968750
vt 0.546875 1.000000
vt 0.578125 0.062500
vt 0.593750 0.062500
vt 0.570312 0.968750
vt 0.578125 1.000000
vt 0.609375 0.062500
vt 0.625000 0.062500
vt 0.601562 0.968750
vt 0.609375 1.000000
vt 0.640625 0.062500
vt 0.656250 0.062500
vt 0.632812 0.968750
vt 0.640625 1.000000
vt 0.671875 0.062500
vt 0.687500 0.062500
vt 0.664062 0.968750
vt 0.671875 1.000000
vt 0.703125 0.062500
vt 0.718750 0.062500
vt 0.695312 0.968750
vt 0.703125 1.000000
vt 0.734375 0.062500
vt 0.726562 0.968750
vt 0.734375 1.000000
s 0
f 1922/1/1 500/2/1 14/3/1 492/4/1
f 1921/5/2 1403/6/2 7/7/2 485/8/2
f 1920/9/3 499/10/3 15/11/3 493/12/3
f 1919/13/4 1402/14/4 8/15/4 486/16/4
f 1918/17/5 1404/18/5 16/19/5 494/20/5
f 1917/21/6 501/22/6 9/23/6 487/24/6
f 1916/25/7 502/26/7 17/27/7 495/28/7
f 1915/29/8 1405/30/8 10/31/8 488/32/8
f 1914/33/9 1406/34/9 18/35/9 496/36/9
f 1913/37/10 503/38/10 11/39/10 489/40/10
f 1912/41/11 1407/42/11 19/43/11 497/44/11
f 1911/45/12 1408/46/12 12/47/12 490/48/12
f 1910/49/13 1409/50/13 20/51/13 498/52/13
f 1909/53/14 504/54/14 13/55/14 491/56/14
f 474/57/15 1390/58/15 1403/6/15
f 308/59/16 1399/60/16 1401/61/16
f 1908/62/17 520/63/17 35/64/17 518/65/17
f 1907/66/18 522/67/18 28/68/18 511/69/18
f 7/7/19 1400/70/19 523/71/19
f 308/72/20 1401/73/20 1412/74/20
f 1906/75/21 521/76/21 29/77/21 512/78/21
f 1905/79/22 523/71/22 22/80/22 505/81/22
f 1904/82/23 524/83/23 30/84/23 513/85/23
f 1903/86/24 525/87/24 23/88/24 506/89/24
f 1902/90/25 526/91/25 31/92/25 514/93/25
f 1901/94/26 527/95/26 24/96/26 507/97/26
f 1900/98/27 528/99/27 32/100/27 515/101/27
f 1899/102/28 529/103/28 25/104/28 508/105/28
f 1898/106/29 530/107/29 33/108/29 516/109/29
f 1897/110/30 531/111/30 26/112/30 509/113/30
f 1896/114/31 532/115/31 34/116/31 517/117/31
f 1895/118/32 533/119/32 27/120/32 510/121/32
f 1894/122/33 549/123/33 47/124/33 544/125/33
f 1893/126/34 551/127/34 40/128/34 537/129/34
f 1892/130/35 548/131/35 48/132/35 545/133/35
f 1891/134/36 550/135/36 41/136/36 538/137/36
f 1890/138/37 552/139/37 49/140/37 546/141/37
f 1889/142/38 553/143/38 42/144/38 539/145/38
f 1888/146/39 554/147/39 50/148/39 547/149/39
f 1887/150/40 555/151/40 43/152/40 540/153/40
f 22/80/41 1411/154/41 558/155/41
f 308/156/42 1412/157/42 1414/158/42
f 1886/159/43 557/160/43 44/161/43 541/162/43
f 1885/163/44 558/155/44 37/164/44 534/165/44
f 1884/166/45 559/167/45 45/168/45 542/169/45
f 1883/170/46 560/171/46 38/172/46 535/173/46
f 1882/174/47 561/175/47 46/176/47 543/177/47
f 1881/178/48 562/179/48 39/180/48 536/181/48
f 37/164/49 1413/182/49 577/183/49
f 308/184/50 1414/185/50 1416/186/50
f 1880/187/51 580/188/51 59/189/51 570/190/51
f 1879/191/52 577/183/52 52/192/52 563/193/52
f 1878/194/53 579/195/53 60/196/53 571/197/53
f 1877/198/54 581/199/54 53/200/54 564/201/54
f 1876/202/55 582/203/55 61/204/55 572/205/55
f 1875/206/56 583/207/56 54/208/56 565/209/56
f 1874/210/57 584/211/57 62/212/57 573/213/57
f 1873/214/58 585/215/58 55/216/58 566/217/58
f 1872/218/59 586/219/59 63/220/59 574/221/59
f 1871/222/60 587/223/60 56/224/60 567/225/60
f 1870/226/61 588/227/61 64/228/61 575/229/61
f 1869/230/62 589/231/62 57/232/62 568/233/62
f 1868/234/63 590/235/63 65/236/63 576/237/63
f 1867/238/64 591/239/64 58/240/64 569/241/64
f 1866/242/65 607/243/65 70/244/65 595/245/65
f 1865/246/66 609/247/66 78/248/66 603/249/66
f 1864/250/67 606/251/67 71/252/67 596/253/67
f 1863/254/68 608/255/68 79/256/68 604/257/68
f 1862/258/69 610/259/69 72/260/69 597/261/69
f 1861/262/70 611/263/70 80/264/70 605/265/70
f 1860/266/71 612/267/71 73/268/71 598/269/71
f 52/192/72 1415/270/72 615/271/72
f 308/272/73 1416/273/73 1418/274/73
f 1859/275/74 614/276/74 74/277/74 599/278/74
f 1858/279/75 615/271/75 67/280/75 592/281/75
f 1857/282/76 616/283/76 75/284/76 600/285/76
f 1856/286/77 617/287/77 68/288/77 593/289/77
f 1855/290/78 618/291/78 76/292/78 601/293/78
f 1854/294/79 619/295/79 69/296/79 594/297/79
f 1853/298/80 620/299/80 77/300/80 602/301/80
f 1852/302/81 637/303/81 90/304/81 629/305/81
f 1851/306/82 639/307/82 83/308/82 622/309/82
f 1850/310/83 636/311/83 91/312/83 630/313/83
f 1849/314/84 638/315/84 84/316/84 623/317/84
f 1848/318/85 640/319/85 92/320/85 631/321/85
f 1847/322/86 641/323/86 85/324/86 624/325/86
f 1846/326/87 642/327/87 93/328/87 632/329/87
f 1845/330/88 643/331/88 86/332/88 625/333/88
f 1844/334/89 644/335/89 94/336/89 633/337/89
f 1843/338/90 645/339/90 87/340/90 626/341/90
f 1842/342/91 646/343/91 95/344/91 634/345/91
f 1841/346/92 647/347/92 88/348/92 627/349/92
f 1840/350/93 648/351/93 96/352/93 635/353/93
f 1839/354/94 649/355/94 89/356/94 628/357/94
f 67/280/95 1417/358/95 639/307/95
f 308/359/96 1418/360/96 1419/361/96
f 1838/362/97 666/363/97 109/364/97 662/365/97
f 1837/366/98 668/367/98 102/368/98 655/369/98
f 1836/370/99 665/371/99 110/372/99 663/373/99
f 1835/374/100 667/375/100 103/376/100 656/377/100
f 1834/378/101 669/379/101 111/380/101 664/381/101
f 1833/382/102 670/383/102 104/384/102 657/385/102
f 83/308/103 621/386/103 673/387/103
f 308/388/104 1419/389/104 1421/390/104
f 1832/391/105 672/392/105 105/393/105 658/394/105
f 1831/395/106 673/387/106 98/396/106 651/397/106
f 1830/398/107 674/399/107 106/400/107 659/401/107
f 1829/402/108 675/403/108 99/404/108 652/405/108
f 1828/406/109 676/407/109 107/408/109 660/409/109
f 1827/410/110 677/411/110 100/412/110 653/413/110
f 1826/414/111 678/415/111 108/416/111 661/417/111
f 1825/418/112 679/419/112 101/420/112 654/421/112
f 1824/422/113 695/423/113 113/424/113 680/425/113
f 1823/426/114 697/427/114 121/428/114 688/429/114
f 1822/430/115 694/431/115 114/432/115 681/433/115
f 1821/434/116 696/435/116 122/436/116 689/437/116
f 1820/438/117 698/439/117 115/440/117 682/441/117
f 1819/442/118 699/443/118 123/444/118 690/445/118
f 1818/446/119 700/447/119 116/448/119 683/449/119
f 1817/450/120 701/451/120 124/452/120 691/453/120
f 1816/454/121 702/455/121 117/456/121 684/457/121
f 1815/458/122 703/459/122 125/460/122 692/461/122
f 1814/462/123 704/463/123 118/464/123 685/465/123
f 1813/466/124 705/467/124 126/468/124 693/469/124
f 1812/470/125 706/471/125 119/472/125 686/473/125
f 98/396/126 1420/474/126 695/423/126
f 308/475/127 1421/476/127 1423/477/127
f 1811/478/128 708/479/128 120/480/128 687/481/128
f 1810/482/129 724/483/129 132/484/129 713/485/129
f 1809/486/130 726/487/130 140/488/130 721/489/130
f 1808/490/131 723/491/131 133/492/131 714/493/131
f 1807/494/132 725/495/132 141/496/132 722/497/132
f 1806/498/133 727/499/133 134/500/133 715/501/133
f 113/424/134 1422/502/134 730/503/134
f 308/504/135 1423/505/135 1425/506/135
f 1805/507/136 729/508/136 135/509/136 716/510/136
f 1804/511/137 730/503/137 128/512/137 709/513/137
f 1803/514/138 731/515/138 136/516/138 717/517/138
f 1802/518/139 732/519/139 129/520/139 710/521/139
f 1801/522/140 733/523/140 137/524/140 718/525/140
f 1800/526/141 734/527/141 130/528/141 711/529/141
f 1799/530/142 735/531/142 138/532/142 719/533/142
f 1798/534/143 736/535/143 131/536/143 712/537/143
f 1797/538/144 737/539/144 139/540/144 720/541/144
f 1796/542/145 753/543/145 151/544/145 746/545/145
f 1795/546/146 755/547/146 144/548/146 739/549/146
f 1794/550/147 752/551/147 152/552/147 747/553/147
f 1793/554/148 754/555/148 145/556/148 740/557/148
f 1792/558/149 756/559/149 153/560/149 748/561/149
f 1791/562/150 757/563/150 146/564/150 741/565/150
f 1790/566/151 758/567/151 154/568/151 749/569/151
f 1789/570/152 759/571/152 147/572/152 742/573/152
f 1788/574/153 760/575/153 155/576/153 750/577/153
f 1787/578/154 761/579/154 148/580/154 743/581/154
f 1786/582/155 762/583/155 156/584/155 751/585/155
f 1785/586/156 763/587/156 149/588/156 744/589/156
f 128/512/157 1424/590/157 766/591/157
f 308/592/158 1425/593/158 1427/594/158
f 1784/595/159 765/596/159 150/597/159 745/598/159
f 1783/599/160 766/591/160 143/600/160 738/601/160
f 1782/602/161 782/603/161 170/604/161 779/605/161
f 1781/606/162 784/607/162 163/608/162 772/609/162
f 1780/610/163 781/611/163 171/612/163 780/613/163
f 1779/614/164 783/615/164 164/616/164 773/617/164
f 143/600/165 1426/618/165 787/619/165
f 308/620/166 1427/621/166 1429/622/166
f 1778/623/167 786/624/167 165/625/167 774/626/167
f 1777/627/168 787/619/168 158/628/168 767/629/168
f 1776/630/169 788/631/169 166/632/169 775/633/169
f 1775/634/170 789/635/170 159/636/170 768/637/170
f 1774/638/171 790/639/171 167/640/171 776/641/171
f 1773/642/172 791/643/172 160/644/172 769/645/172
f 1772/646/173 792/647/173 168/648/173 777/649/173
f 1771/650/174 793/651/174 161/652/174 770/653/174
f 1770/654/175 794/655/175 169/656/175 778/657/175
f 1769/658/176 795/659/176 162/660/176 771/661/176
f 1768/662/177 811/663/177 182/664/177 805/665/177
f 1767/666/178 813/667/178 175/668/178 798/669/178
f 1766/670/179 810/671/179 183/672/179 806/673/179
f 1765/674/180 812/675/180 176/676/180 799/677/180
f 1764/678/181 814/679/181 184/680/181 807/681/181
f 1763/682/182 815/683/182 177/684/182 800/685/182
f 1762/686/183 816/687/183 185/688/183 808/689/183
f 1761/690/184 817/691/184 178/692/184 801/693/184
f 1760/694/185 818/695/185 186/696/185 809/697/185
f 1759/698/186 819/699/186 179/700/186 802/701/186
f 158/628/187 1428/702/187 822/703/187
f 308/704/188 1429/705/188 1431/706/188
f 1758/707/189 821/708/189 180/709/189 803/710/189
f 1757/711/190 822/703/190 173/712/190 796/713/190
f 1756/714/191 823/715/191 181/716/191 804/717/191
f 1755/718/192 824/719/192 174/720/192 797/721/192
f 1754/722/193 840/723/193 201/724/193 838/725/193
f 1753/726/194 842/727/194 194/728/194 831/729/194
f 173/712/195 1430/730/195 843/731/195
f 308/732/196 1431/733/196 1433/734/196
f 1752/735/197 841/736/197 195/737/197 832/738/197
f 1751/739/198 843/731/198 188/740/198 825/741/198
f 1750/742/199 844/743/199 196/744/199 833/745/199
f 1749/746/200 845/747/200 189/748/200 826/749/200
f 1748/750/201 846/751/201 197/752/201 834/753/201
f 1747/754/202 847/755/202 190/756/202 827/757/202
f 1746/758/203 848/759/203 198/760/203 835/761/203
f 1745/762/204 849/763/204 191/764/204 828/765/204
f 1744/766/205 850/767/205 199/768/205 836/769/205
f 1743/770/206 851/771/206 192/772/206 829/773/206
f 1742/774/207 852/775/207 200/776/207 837/777/207
f 1741/778/208 853/779/208 193/780/208 830/781/208
f 1740/782/209 869/783/209 205/784/209 856/785/209
f 1739/786/210 871/787/210 213/788/210 864/789/210
f 1738/790/211 868/791/211 206/792/211 857/793/211
f 1737/794/212 870/795/212 214/796/212 865/797/212
f 1736/798/213 872/799/213 207/800/213 858/801/213
f 1735/802/214 873/803/214 215/804/214 866/805/214
f 1734/806/215 874/807/215 208/808/215 859/809/215
f 1733/810/216 875/811/216 216/812/216 867/813/216
f 1732/814/217 876/815/217 209/816/217 860/817/217
f 188/740/218 1432/818/218 879/819/218
f 308/820/219 1433/821/219 1435/822/219
f 1731/823/220 878/824/220 210/825/220 861/826/220
f 1730/827/221 879/819/221 203/828/221 854/829/221
f 1729/830/222 880/831/222 211/832/222 862/833/222
f 1728/834/223 881/835/223 204/836/223 855/837/223
f 1727/838/224 882/839/224 212/840/224 863/841/224
f 1726/842/225 898/843/225 224/844/225 889/845/225
f 203/828/226 1434/846/226 899/847/226
f 308/848/227 1435/849/227 1437/850/227
f 1725/851/228 897/852/228 225/853/228 890/854/228
f 1724/855/229 899/847/229 218/856/229 883/857/229
f 1723/858/230 901/859/230 226/860/230 891/861/230
f 1722/862/231 902/863/231 219/864/231 884/865/231
f 1721/866/232 903/867/232 227/868/232 892/869/232
f 1720/870/233 904/871/233 220/872/233 885/873/233
f 1719/874/234 905/875/234 228/876/234 893/877/234
f 1718/878/235 906/879/235 221/880/235 886/881/235
f 1717/882/236 907/883/236 229/884/236 894/885/236
f 1716/886/237 908/887/237 222/888/237 887/889/237
f 1715/890/238 909/891/238 230/892/238 895/893/238
f 1714/894/239 910/895/239 223/896/239 888/897/239
f 1713/898/240 911/899/240 231/900/240 896/901/240
f 1712/902/241 927/903/241 243/904/241 922/905/241
f 1711/906/242 929/907/242 236/908/242 915/909/242
f 1710/910/243 926/911/243 244/912/243 923/913/243
f 1709/914/244 928/915/244 237/916/244 916/917/244
f 1708/918/245 930/919/245 245/920/245 924/921/245
f 1707/922/246 931/923/246 238/924/246 917/925/246
f 1706/926/247 932/927/247 246/928/247 925/929/247
f 1705/930/248 933/931/248 239/932/248 918/933/248
f 218/856/249 1436/934/249 936/935/249
f 308/936/250 1437/937/250 1439/938/250
f 1704/939/251 935/940/251 240/941/251 919/942/251
f 1703/943/252 936/935/252 233/944/252 912/945/252
f 1702/946/253 937/947/253 241/948/253 920/949/253
f 1701/950/254 938/951/254 234/952/254 913/953/254
f 1700/954/255 939/955/255 242/956/255 921/957/255
f 1699/958/256 940/959/256 235/960/256 914/961/256
f 233/944/257 1438/962/257 955/963/257
f 308/964/258 1439/965/258 1441/966/258
f 1698/967/259 958/968/259 255/969/259 948/970/259
f 1697/971/260 955/963/260 248/972/260 941/973/260
f 1696/974/261 957/975/261 256/976/261 949/977/261
f 1695/978/262 959/979/262 249/980/262 942/981/262
f 1694/982/263 960/983/263 257/984/263 950/985/263
f 1693/986/264 961/987/264 250/988/264 943/989/264
f 1692/990/265 962/991/265 258/992/265 951/993/265
f 1691/994/266 963/995/266 251/996/266 944/997/266
f 1690/998/267 964/999/267 259/1000/267 952/1001/267
f 1689/1002/268 965/1003/268 252/1004/268 945/1005/268
f 1688/1006/269 966/1007/269 260/1008/269 953/1009/269
f 1687/1010/270 967/1011/270 253/1012/270 946/1013/270
f 1686/1014/271 968/1015/271 261/1016/271 954/1017/271
f 1685/1018/272 969/1019/272 254/1020/272 947/1021/272
f 1684/1022/273 985/1023/273 266/1024/273 973/1025/273
f 1683/1026/274 987/1027/274 274/1028/274 981/1029/274
f 1682/1030/275 984/1031/275 267/1032/275 974/1033/275
f 1681/1034/276 986/1035/276 275/1036/276 982/1037/276
f 1680/1038/277 988/1039/277 268/1040/277 975/1041/277
f 1679/1042/278 989/1043/278 276/1044/278 983/1045/278
f 1678/1046/279 990/1047/279 269/1048/279 976/1049/279
f 248/972/280 1440/1050/280 993/1051/280
f 308/1052/281 1441/1053/281 1443/1054/281
f 1677/1055/282 992/1056/282 270/1057/282 977/1058/282
f 1676/1059/283 993/1051/283 263/1060/283 970/1061/283
f 1675/1062/284 994/1063/284 271/1064/284 978/1065/284
f 1674/1066/285 995/1067/285 264/1068/285 971/1069/285
f 1673/1070/286 996/1071/286 272/1072/286 979/1073/286
f 1672/1074/287 997/1075/287 265/1076/287 972/1077/287
f 1671/1078/288 998/1079/288 273/1080/288 980/1081/288
f 1670/1082/289 1014/1083/289 285/1084/289 1006/1085/289
f 1669/1086/290 1016/1087/290 278/1088/290 999/1089/290
f 1668/1090/291 1013/1091/291 286/1092/291 1007/1093/291
f 1667/1094/292 1015/1095/292 279/1096/292 1000/1097/292
f 1666/1098/293 1017/1099/293 287/1100/293 1008/1101/293
f 1665/1102/294 1018/1103/294 280/1104/294 1001/1105/294
f 1664/1106/295 1019/1107/295 288/1108/295 1009/1109/295
f 1663/1110/296 1020/1111/296 281/1112/296 1002/1113/296
f 1662/1114/297 1021/1115/297 289/1116/297 1010/1117/297
f 1661/1118/298 1022/1119/298 282/1120/298 1003/1121/298
f 1660/1122/299 1023/1123/299 290/1124/299 1011/1125/299
f 1659/1126/300 1024/1127/300 283/1128/300 1004/1129/300
f 1658/1130/301 1025/1131/301 291/1132/301 1012/1133/301
f 1657/1134/302 1026/1135/302 284/1136/302 1005/1137/302
f 263/1060/303 1442/1138/303 1016/1087/303
f 308/1139/304 1443/1140/304 1445/1141/304
f 1656/1142/305 1044/1143/305 304/1144/305 1039/1145/305
f 1655/1146/306 1046/1147/306 297/1148/306 1032/1149/306
f 1654/1150/307 1043/1151/307 305/1152/307 1040/1153/307
f 1653/1154/308 1045/1155/308 298/1156/308 1033/1157/308
f 1652/1158/309 1047/1159/309 306/1160/309 1041/1161/309
f 1651/1162/310 1048/1163/310 299/1164/310 1034/1165/310
f 278/1088/311 1444/1166/311 1051/1167/311
f 308/1168/312 1445/1169/312 1042/1170/312
f 1650/1171/313 1050/1172/313 300/1173/313 1035/1174/313
f 1649/1175/314 1051/1167/314 293/1176/314 1028/1177/314
f 1648/1178/315 1052/1179/315 301/1180/315 1036/1181/315
f 1647/1182/316 1053/1183/316 294/1184/316 1029/1185/316
f 1646/1186/317 1054/1187/317 302/1188/317 1037/1189/317
f 1645/1190/318 1055/1191/318 295/1192/318 1030/1193/318
f 1644/1194/319 1056/1195/319 303/1196/319 1038/1197/319
f 1643/1198/320 1057/1199/320 296/1200/320 1031/1201/320
f 1642/1202/321 1073/1203/321 317/1204/321 1066/1205/321
f 1641/1206/322 1075/1207/322 310/1208/322 1059/1209/322
f 1640/1210/323 1072/1211/323 318/1212/323 1067/1213/323
f 1639/1214/324 1074/1215/324 311/1216/324 1060/1217/324
f 1638/1218/325 1076/1219/325 319/1220/325 1068/1221/325
f 1637/1222/326 1077/1223/326 312/1224/326 1061/1225/326
f 1636/1226/327 1078/1227/327 320/1228/327 1069/1229/327
f 1635/1230/328 1079/1231/328 313/1232/328 1062/1233/328
f 1634/1234/329 1080/1235/329 321/1236/329 1070/1237/329
f 1633/1238/330 1081/1239/330 314/1240/330 1063/1241/330
f 1632/1242/331 1082/1243/331 322/1244/331 1071/1245/331
f 1631/1246/332 1083/1247/332 315/1248/332 1064/1249/332
f 293/1176/333 1446/1250/333 1086/1251/333
f 308/1252/334 1042/1253/334 1448/1254/334
f 1630/1255/335 1085/1256/335 316/1257/335 1065/1258/335
f 1629/1259/336 1086/1251/336 309/1260/336 1058/1261/336
f 1628/1262/337 1102/1263/337 336/1264/337 1099/1265/337
f 1627/1266/338 1104/1267/338 329/1268/338 1092/1269/338
f 1626/1270/339 1101/1271/339 337/1272/339 1100/1273/339
f 1625/1274/340 1103/1275/340 330/1276/340 1093/1277/340
f 309/1260/341 1447/1278/341 1107/1279/341
f 308/1280/342 1448/1281/342 1450/1282/342
f 1624/1283/343 1106/1284/343 331/1285/343 1094/1286/343
f 1623/1287/344 1107/1279/344 324/1288/344 1087/1289/344
f 1622/1290/345 1108/1291/345 332/1292/345 1095/1293/345
f 1621/1294/346 1109/1295/346 325/1296/346 1088/1297/346
f 1620/1298/347 1110/1299/347 333/1300/347 1096/1301/347
f 1619/1302/348 1111/1303/348 326/1304/348 1089/1305/348
f 1618/1306/349 1112/1307/349 334/1308/349 1097/1309/349
f 1617/1310/350 1113/1311/350 327/1312/350 1090/1313/350
f 1616/1314/351 1114/1315/351 335/1316/351 1098/1317/351
f 1615/1318/352 1115/1319/352 328/1320/352 1091/1321/352
f 1614/1322/353 1131/1323/353 340/1324/353 1117/1325/353
f 1613/1326/354 1133/1327/354 348/1328/354 1125/1329/354
f 1612/1330/355 1130/1331/355 341/1332/355 1118/1333/355
f 1611/1334/356 1132/1335/356 349/1336/356 1126/1337/356
f 1610/1338/357 1134/1339/357 342/1340/357 1119/1341/357
f 1609/1342/358 1135/1343/358 350/1344/358 1127/1345/358
f 1608/1346/359 1136/1347/359 343/1348/359 1120/1349/359
f 1607/1350/360 1137/1351/360 351/1352/360 1128/1353/360
f 1606/1354/361 1138/1355/361 344/1356/361 1121/1357/361
f 1605/1358/362 1139/1359/362 352/1360/362 1129/1361/362
f 1604/1362/363 1140/1363/363 345/1364/363 1122/1365/363
f 324/1288/364 1449/1366/364 1143/1367/364
f 308/1368/365 1450/1369/365 1452/1370/365
f 1603/1371/366 1142/1372/366 346/1373/366 1123/1374/366
f 1602/1375/367 1143/1367/367 339/1376/367 1116/1377/367
f 1601/1378/368 1144/1379/368 347/1380/368 1124/1381/368
f 1600/1382/369 1160/1383/369 359/1384/369 1150/1385/369
f 1599/1386/370 1162/1387/370 367/1388/370 1158/1389/370
f 1598/1390/371 1159/1391/371 360/1392/371 1151/1393/371
f 339/1376/372 1451/1394/372 1164/1395/372
f 308/1396/373 1452/1397/373 1454/1398/373
f 1597/1399/374 1163/1400/374 361/1401/374 1152/1402/374
f 1596/1403/375 1164/1395/375 354/1404/375 1145/1405/375
f 1595/1406/376 1165/1407/376 362/1408/376 1153/1409/376
f 1594/1410/377 1166/1411/377 355/1412/377 1146/1413/377
f 1593/1414/378 1167/1415/378 363/1416/378 1154/1417/378
f 1592/1418/379 1168/1419/379 356/1420/379 1147/1421/379
f 1591/1422/380 1169/1423/380 364/1424/380 1155/1425/380
f 1590/1426/381 1170/1427/381 357/1428/381 1148/1429/381
f 1589/1430/382 1171/1431/382 365/1432/382 1156/1433/382
f 1588/1434/383 1172/1435/383 358/1436/383 1149/1437/383
f 1587/1438/384 1173/1439/384 366/1440/384 1157/1441/384
f 1586/1442/385 1189/1443/385 378/1444/385 1183/1445/385
f 1585/1446/386 1191/1447/386 371/1448/386 1176/1449/386
f 1584/1450/387 1188/1451/387 379/1452/387 1184/1453/387
f 1583/1454/388 1190/1455/388 372/1456/388 1177/1457/388
f 1582/1458/389 1192/1459/389 380/1460/389 1185/1461/389
f 1581/1462/390 1193/1463/390 373/1464/390 1178/1465/390
f 1580/1466/391 1194/1467/391 381/1468/391 1186/1469/391
f 1579/1470/392 1195/1471/392 374/1472/392 1179/1473/392
f 1578/1474/393 1196/1475/393 382/1476/393 1187/1477/393
f 1577/1478/394 1197/1479/394 375/1480/394 1180/1481/394
f 354/1482/395 1453/1483/395 1200/1484/395
f 308/1485/396 1454/1486/396 1456/1487/396
f 1576/1488/397 1199/1489/397 376/1490/397 1181/1491/397
f 1575/1492/398 1200/1484/398 369/1493/398 1174/1494/398
f 1574/1495/399 1201/1496/399 377/1497/399 1182/1498/399
f 1573/1499/400 1202/1500/400 370/1501/400 1175/1502/400
f 1572/1503/401 1218/1504/401 397/1505/401 1216/1506/401
f 1571/1507/402 1220/1508/402 390/1509/402 1209/1510/402
f 369/1493/403 1455/1511/403 1221/1512/403
f 308/1513/404 1456/1514/404 1458/1515/404
f 1570/1516/405 1219/1517/405 391/1518/405 1210/1519/405
f 1569/1520/406 1221/1512/406 384/1521/406 1203/1522/406
f 1568/1523/407 1222/1524/407 392/1525/407 1211/1526/407
f 1567/1527/408 1223/1528/408 385/1529/408 1204/1530/408
f 1566/1531/409 1224/1532/409 393/1533/409 1212/1534/409
f 1565/1535/410 1225/1536/410 386/1537/410 1205/1538/410
f 1564/1539/411 1226/1540/411 394/1541/411 1213/1542/411
f 1563/1543/412 1227/1544/412 387/1545/412 1206/1546/412
f 1562/1547/413 1228/1548/413 395/1549/413 1214/1550/413
f 1561/1551/414 1229/1552/414 388/1553/414 1207/1554/414
f 1560/1555/415 1230/1556/415 396/1557/415 1215/1558/415
f 1559/1559/416 1231/1560/416 389/1561/416 1208/1562/416
f 1558/1563/417 1247/1564/417 401/1565/417 1234/1566/417
f 1557/1567/418 1249/1568/418 409/1569/418 1242/1570/418
f 1556/1571/419 1246/1572/419 402/1573/419 1235/1574/419
f 1555/1575/420 1248/1576/420 410/1577/420 1243/1578/420
f 1554/1579/421 1250/1580/421 403/1581/421 1236/1582/421
f 1553/1583/422 1251/1584/422 411/1585/422 1244/1586/422
f 1552/1587/423 1252/1588/423 404/1589/423 1237/1590/423
f 1551/1591/424 1253/1592/424 412/1593/424 1245/1594/424
f 1550/1595/425 1254/1596/425 405/1597/425 1238/1598/425
f 384/1521/426 1457/1599/426 1257/1600/426
f 308/1601/427 1458/1602/427 1460/1603/427
f 1549/1604/428 1256/1605/428 406/1606/428 1239/1607/428
f 1548/1608/429 1257/1600/429 399/1609/429 1232/1610/429
f 1547/1611/430 1258/1612/430 407/1613/430 1240/1614/430
f 1546/1615/431 1259/1616/431 400/1617/431 1233/1618/431
f 1545/1619/432 1260/1620/432 408/1621/432 1241/1622/432
f 1544/1623/433 1276/1624/433 420/1625/433 1267/1626/433
f 399/1609/434 1459/1627/434 1277/1628/434
f 308/1629/435 1460/1630/435 1462/1631/435
f 1543/1632/436 1275/1633/436 421/1634/436 1268/1635/436
f 1542/1636/437 1277/1628/437 414/1637/437 1261/1638/437
f 1541/1639/438 1279/1640/438 422/1641/438 1269/1642/438
f 1540/1643/439 1280/1644/439 415/1645/439 1262/1646/439
f 1539/1647/440 1281/1648/440 423/1649/440 1270/1650/440
f 1538/1651/441 1282/1652/441 416/1653/441 1263/1654/441
f 1537/1655/442 1283/1656/442 424/1657/442 1271/1658/442
f 1536/1659/443 1284/1660/443 417/1661/443 1264/1662/443
f 1535/1663/444 1285/1664/444 425/1665/444 1272/1666/444
f 1534/1667/445 1286/1668/445 418/1669/445 1265/1670/445
f 1533/1671/446 1287/1672/446 426/1673/446 1273/1674/446
f 1532/1675/447 1288/1676/447 419/1677/447 1266/1678/447
f 1531/1679/448 1289/1680/448 427/1681/448 1274/1682/448
f 1530/1683/449 1305/1684/449 439/1685/449 1300/1686/449
f 1529/1687/450 1307/1688/450 432/1689/450 1293/1690/450
f 1528/1691/451 1304/1692/451 440/1693/451 1301/1694/451
f 1527/1695/452 1306/1696/452 433/1697/452 1294/1698/452
f 1526/1699/453 1308/1700/453 441/1701/453 1302/1702/453
f 1525/1703/454 1309/1704/454 434/1705/454 1295/1706/454
f 1524/1707/455 1310/1708/455 442/1709/455 1303/1710/455
f 1523/1711/456 1311/1712/456 435/1713/456 1296/1714/456
f 414/1637/457 1461/1715/457 1314/1716/457
f 308/1717/458 1462/1718/458 1464/1719/458
f 1522/1720/459 1313/1721/459 436/1722/459 1297/1723/459
f 1521/1724/460 1314/1716/460 429/1725/460 1290/1726/460
f 1520/1727/461 1315/1728/461 437/1729/461 1298/1730/461
f 1519/1731/462 1316/1732/462 430/1733/462 1291/1734/462
f 1518/1735/463 1317/1736/463 438/1737/463 1299/1738/463
f 1517/1739/464 1318/1740/464 431/1741/464 1292/1742/464
f 308/1743/465 1464/1744/465 1466/1745/465
f 1516/1746/466 1335/1747/466 451/1748/466 1326/1749/466
f 1515/1750/467 1337/1751/467 444/1752/467 1319/1753/467
f 1514/1754/468 1334/1755/468 452/1756/468 1327/1757/468
f 1513/1758/469 1336/1759/469 445/1760/469 1320/1761/469
f 1512/1762/470 1338/1763/470 453/1764/470 1328/1765/470
f 1511/1766/471 1339/1767/471 446/1768/471 1321/1769/471
f 1510/1770/472 1340/1771/472 454/1772/472 1329/1773/472
f 1509/1774/473 1341/1775/473 447/1776/473 1322/1777/473
f 1508/1778/474 1342/1779/474 455/1780/474 1330/1781/474
f 1507/1782/475 1343/1783/475 448/1784/475 1323/1785/475
f 1506/1786/476 1344/1787/476 456/1788/476 1331/1789/476
f 1505/1790/477 1345/1791/477 449/1792/477 1324/1793/477
f 1504/1794/478 1346/1795/478 457/1796/478 1332/1797/478
f 1503/1798/479 1347/1799/479 450/1800/479 1325/1801/479
f 429/1725/480 1463/1802/480 1337/1751/480
f 1502/1803/481 1363/1804/481 470/1805/481 1359/1806/481
f 1501/1807/482 1365/1808/482 463/1809/482 1352/1810/482
f 1500/1811/483 1362/1812/483 471/1813/483 1360/1814/483
f 1499/1815/484 1364/1816/484 464/1817/484 1353/1818/484
f 1498/1819/485 1366/1820/485 472/1821/485 1361/1822/485
f 1497/1823/486 1367/1824/486 465/1825/486 1354/1826/486
f 444/1752/487 1465/1827/487 1370/1828/487
f 308/1829/488 1466/1830/488 1468/1831/488
f 1496/1832/489 1369/1833/489 466/1834/489 1355/1835/489
f 1495/1836/490 1370/1828/490 459/1837/490 1348/1838/490
f 1494/1839/491 1371/1840/491 467/1841/491 1356/1842/491
f 1493/1843/492 1372/1844/492 460/1845/492 1349/1846/492
f 1492/1847/493 1373/1848/493 468/1849/493 1357/1850/493
f 1491/1851/494 1374/1852/494 461/1853/494 1350/1854/494
f 1490/1855/495 1375/1856/495 469/1857/495 1358/1858/495
f 1489/1859/496 1376/1860/496 462/1861/496 1351/1862/496
f 1488/1863/497 1382/1864/497 474/57/497 1377/1865/497
f 1487/1866/498 1469/1867/498 5/1868/498 1396/1869/498
f 1486/1870/499 1381/1871/499 475/1872/499 1391/1873/499
f 1485/1874/500 1383/1875/500 478/1876/500 1397/1877/500
f 1484/1878/501 1470/1879/501 1/1880/501 1392/1881/501
f 1483/1882/502 1471/1883/502 6/1884/502 1398/1885/502
f 1482/1886/503 1384/1887/503 476/1888/503 1393/1889/503
f 1481/1890/504 1385/1891/504 479/1892/504 1378/1893/504
f 1480/1894/505 1472/1895/505 2/1896/505 1394/1897/505
f 1479/1898/506 1386/1899/506 480/1900/506 1379/1901/506
f 1478/1902/507 1387/1903/507 477/1904/507 1395/1905/507
f 1477/1906/508 1388/1907/508 481/1908/508 1380/1909/508
f 1476/1910/509 1473/1911/509 3/1912/509 483/1913/509
f 459/1837/510 1467/1914/510 1382/1864/510
f 308/1915/511 1468/1916/511 1399/1917/511
f 1475/1918/512 1474/1919/512 4/1920/512 484/1921/512
f 1469/1867/512 1475/1918/512 484/1921/512 5/1868/512
f 467/1841/512 1355/1835/512 1475/1918/512 1469/1867/512
f 1355/1835/512 466/1834/512 1474/1919/512 1475/1918/512
f 1399/1917/513 1389/1922/513 482/1923/513
f 1399/1917/511 1468/1916/511 1389/1922/511
f 1468/1916/513 473/1924/513 1389/1922/513
f 1382/1864/510 1390/1925/510 474/57/510
f 1382/1864/510 1467/1914/510 1390/1925/510
f 1467/1914/514 82/1926/514 1390/1925/514
f 1474/1919/509 1476/1910/509 483/1913/509 4/1920/509
f 466/1834/509 1354/1826/509 1476/1910/509 1474/1919/509
f 1354/1826/509 465/1825/509 1473/1911/509 1476/1910/509
f 1389/1922/508 1477/1906/508 1380/1909/508 482/1923/508
f 473/1924/508 1361/1822/508 1477/1906/508 1389/1922/508
f 1361/1822/508 472/1821/508 1388/1907/508 1477/1906/508
f 1473/1911/507 1478/1902/507 1395/1905/507 3/1912/507
f 465/1825/507 1353/1818/507 1478/1902/507 1473/1911/507
f 1353/1818/507 464/1817/507 1387/1903/507 1478/1902/507
f 1388/1907/506 1479/1898/506 1379/1901/506 481/1908/506
f 472/1821/506 1360/1814/506 1479/1898/506 1388/1907/506
f 1360/1814/506 471/1813/506 1386/1899/506 1479/1898/506
f 1387/1903/505 1480/1894/505 1394/1897/505 477/1904/505
f 464/1817/505 1352/1810/505 1480/1894/505 1387/1903/505
f 1352/1810/505 463/1809/505 1472/1895/505 1480/1894/505
f 1386/1899/504 1481/1890/504 1378/1893/504 480/1900/504
f 471/1813/504 1359/1806/504 1481/1890/504 1386/1899/504
f 1359/1806/504 470/1805/504 1385/1891/504 1481/1890/504
f 1472/1895/503 1482/1886/503 1393/1889/503 2/1896/503
f 463/1809/503 1351/1862/503 1482/1886/503 1472/1895/503
f 1351/1862/503 462/1861/503 1384/1887/503 1482/1886/503
f 1385/1891/502 1483/1882/502 1398/1885/502 479/1892/502
f 470/1805/502 1358/1858/502 1483/1882/502 1385/1891/502
f 1358/1858/502 469/1857/502 1471/1883/502 1483/1882/502
f 1384/1887/501 1484/1878/501 1392/1881/501 476/1888/501
f 462/1861/501 1350/1854/501 1484/1878/501 1384/1887/501
f 1350/1854/501 461/1853/501 1470/1879/501 1484/1878/501
f 1471/1883/500 1485/1874/500 1397/1877/500 6/1884/500
f 469/1857/500 1357/1850/500 1485/1874/500 1471/1883/500
f 1357/1850/500 468/1849/500 1383/1875/500 1485/1874/500
f 1470/1879/499 1486/1870/499 1391/1873/499 1/1880/499
f 461/1853/499 1349/1846/499 1486/1870/499 1470/1879/499
f 1349/1846/499 460/1845/499 1381/1871/499 1486/1870/499
f 1383/1875/498 1487/1866/498 1396/1869/498 478/1876/498
f 468/1849/498 1356/1842/498 1487/1866/498 1383/1875/498
f 1356/1842/498 467/1841/498 1469/1867/498 1487/1866/498
f 1381/1871/497 1488/1863/497 1377/1865/497 475/1872/497
f 460/1845/497 1348/1838/497 1488/1863/497 1381/1871/497
f 1348/1838/497 459/1837/497 1382/1864/497 1488/1863/497
f 1365/1808/496 1489/1859/496 1351/1862/496 463/1809/496
f 448/1784/496 1322/1777/496 1489/1859/496 1365/1808/496
f 1322/1777/496 447/1776/496 1376/1860/496 1489/1859/496
f 1363/1804/495 1490/1855/495 1358/1858/495 470/1805/495
f 455/1780/495 1329/1773/495 1490/1855/495 1363/1804/495
f 1329/1773/495 454/1772/495 1375/1856/495 1490/1855/495
f 1376/1860/494 1491/1851/494 1350/1854/494 462/1861/494
f 447/1776/494 1321/1769/494 1491/1851/494 1376/1860/494
f 1321/1769/494 446/1768/494 1374/1852/494 1491/1851/494
f 1375/1856/493 1492/1847/493 1357/1850/493 469/1857/493
f 454/1772/493 1328/1765/493 1492/1847/493 1375/1856/493
f 1328/1765/493 453/1764/493 1373/1848/493 1492/1847/493
f 1374/1852/492 1493/1843/492 1349/1846/492 461/1853/492
f 446/1768/492 1320/1761/492 1493/1843/492 1374/1852/492
f 1320/1761/492 445/1760/492 1372/1844/492 1493/1843/492
f 1373/1848/491 1494/1839/491 1356/1842/491 468/1849/491
f 453/1764/491 1327/1757/491 1494/1839/491 1373/1848/491
f 1327/1757/491 452/1756/491 1371/1840/491 1494/1839/491
f 1372/1844/490 1495/1836/490 1348/1838/490 460/1845/490
f 445/1760/490 1319/1753/490 1495/1836/490 1372/1844/490
f 1319/1753/490 444/1752/490 1370/1828/490 1495/1836/490
f 1371/1840/489 1496/1832/489 1355/1835/489 467/1841/489
f 452/1756/489 1326/1749/489 1496/1832/489 1371/1840/489
f 1326/1749/489 451/1748/489 1369/1833/489 1496/1832/489
f 1468/1831/488 1368/1927/488 473/1924/488
f 1468/1831/488 1466/1830/488 1368/1927/488
f 1466/1830/488 458/1928/488 1368/1927/488
f 1370/1828/487 1467/1929/487 459/1837/487
f 1370/1828/487 1465/1827/487 1467/1929/487
f 1465/1827/487 82/1930/487 1467/1929/487
f 1369/1833/486 1497/1823/486 1354/1826/486 466/1834/486
f 451/1748/486 1325/1801/486 1497/1823/486 1369/1833/486
f 1325/1801/486 450/1800/486 1367/1824/486 1497/1823/486
f 1368/1927/485 1498/1819/485 1361/1822/485 473/1924/485
f 458/1928/485 1332/1797/485 1498/1819/485 1368/1927/485
f 1332/1797/485 457/1796/485 1366/1820/485 1498/1819/485
f 1367/1824/484 1499/1815/484 1353/1818/484 465/1825/484
f 450/1800/484 1324/1793/484 1499/1815/484 1367/1824/484
f 1324/1793/484 449/1792/484 1364/1816/484 1499/1815/484
f 1366/1820/483 1500/1811/483 1360/1814/483 472/1821/483
f 457/1796/483 1331/1789/483 1500/1811/483 1366/1820/483
f 1331/1789/483 456/1788/483 1362/1812/483 1500/1811/483
f 1364/1816/482 1501/1807/482 1352/1810/482 464/1817/482
f 449/1792/482 1323/1785/482 1501/1807/482 1364/1816/482
f 1323/1785/482 448/1784/482 1365/1808/482 1501/1807/482
f 1362/1812/481 1502/1803/481 1359/1806/481 471/1813/481
f 456/1788/481 1330/1781/481 1502/1803/481 1362/1812/481
f 1330/1781/481 455/1780/481 1363/1804/481 1502/1803/481
f 1337/1751/480 1465/1931/480 444/1752/480
f 1337/1751/480 1463/1802/480 1465/1931/480
f 1463/1802/480 82/1932/480 1465/1931/480
f 1335/1747/479 1503/1798/479 1325/1801/479 451/1748/479
f 436/1722/479 1296/1714/479 1503/1798/479 1335/1747/479
f 1296/1714/479 435/1713/479 1347/1799/479 1503/1798/479
f 1333/1933/478 1504/1794/478 1332/1797/478 458/1928/478
f 443/1934/478 1303/1710/478 1504/1794/478 1333/1933/478
f 1303/1710/478 442/1709/478 1346/1795/478 1504/1794/478
f 1347/1799/477 1505/1790/477 1324/1793/477 450/1800/477
f 435/1713/477 1295/1706/477 1505/1790/477 1347/1799/477
f 1295/1706/477 434/1705/477 1345/1791/477 1505/1790/477
f 1346/1795/515 1506/1786/515 1331/1789/515 457/1796/515
f 442/1709/515 1302/1702/515 1506/1786/515 1346/1795/515
f 1302/1702/476 441/1701/476 1344/1787/476 1506/1786/476
f 1345/1791/475 1507/1782/475 1323/1785/475 449/1792/475
f 434/1705/475 1294/1698/475 1507/1782/475 1345/1791/475
f 1294/1698/475 433/1697/475 1343/1783/475 1507/1782/475
f 1344/1787/474 1508/1778/474 1330/1781/474 456/1788/474
f 441/1701/474 1301/1694/474 1508/1778/474 1344/1787/474
f 1301/1694/474 440/1693/474 1342/1779/474 1508/1778/474
f 1343/1783/473 1509/1774/473 1322/1777/473 448/1784/473
f 433/1697/473 1293/1690/473 1509/1774/473 1343/1783/473
f 1293/1690/473 432/1689/473 1341/1775/473 1509/1774/473
f 1342/1779/472 1510/1770/472 1329/1773/472 455/1780/472
f 440/1693/472 1300/1686/472 1510/1770/472 1342/1779/472
f 1300/1686/472 439/1685/472 1340/1771/472 1510/1770/472
f 1341/1775/471 1511/1766/471 1321/1769/471 447/1776/471
f 432/1689/471 1292/1742/471 1511/1766/471 1341/1775/471
f 1292/1742/471 431/1741/471 1339/1767/471 1511/1766/471
f 1340/1771/470 1512/1762/470 1328/1765/470 454/1772/470
f 439/1685/470 1299/1738/470 1512/1762/470 1340/1771/470
f 1299/1738/470 438/1737/470 1338/1763/470 1512/1762/470
f 1339/1767/469 1513/1758/469 1320/1761/469 446/1768/469
f 431/1741/516 1291/1734/516 1513/1758/516 1339/1767/516
f 1291/1734/469 430/1733/469 1336/1759/469 1513/1758/469
f 1338/1763/468 1514/1754/468 1327/1757/468 453/1764/468
f 438/1737/468 1298/1730/468 1514/1754/468 1338/1763/468
f 1298/1730/468 437/1729/468 1334/1755/468 1514/1754/468
f 1336/1759/467 1515/1750/467 1319/1753/467 445/1760/467
f 430/1733/467 1290/1726/467 1515/1750/467 1336/1759/467
f 1290/1726/467 429/1725/467 1337/1751/467 1515/1750/467
f 1334/1755/466 1516/1746/466 1326/1749/466 452/1756/466
f 437/1729/466 1297/1723/466 1516/1746/466 1334/1755/466
f 1297/1723/466 436/1722/466 1335/1747/466 1516/1746/466
f 1466/1745/465 1333/1933/465 458/1928/465
f 1466/1745/465 1464/1744/465 1333/1933/465
f 1464/1744/465 443/1934/465 1333/1933/465
f 1307/1688/464 1517/1739/464 1292/1742/464 432/1689/464
f 417/1661/464 1263/1654/464 1517/1739/464 1307/1688/464
f 1263/1654/464 416/1653/464 1318/1740/464 1517/1739/464
f 1305/1684/463 1518/1735/463 1299/1738/463 439/1685/463
f 424/1657/463 1270/1650/463 1518/1735/463 1305/1684/463
f 1270/1650/463 423/1649/463 1317/1736/463 1518/1735/463
f 1318/1740/462 1519/1731/462 1291/1734/462 431/1741/462
f 416/1653/462 1262/1646/462 1519/1731/462 1318/1740/462
f 1262/1646/462 415/1645/462 1316/1732/462 1519/1731/462
f 1317/1736/461 1520/1727/461 1298/1730/461 438/1737/461
f 423/1649/461 1269/1642/461 1520/1727/461 1317/1736/461
f 1269/1642/461 422/1641/461 1315/1728/461 1520/1727/461
f 1316/1732/460 1521/1724/460 1290/1726/460 430/1733/460
f 415/1645/460 1261/1638/460 1521/1724/460 1316/1732/460
f 1261/1638/460 414/1637/460 1314/1716/460 1521/1724/460
f 1315/1728/459 1522/1720/459 1297/1723/459 437/1729/459
f 422/1641/459 1268/1635/459 1522/1720/459 1315/1728/459
f 1268/1635/459 421/1634/459 1313/1721/459 1522/1720/459
f 1464/1719/458 1312/1935/458 443/1934/458
f 1464/1719/458 1462/1718/458 1312/1935/458
f 1462/1718/458 428/1936/458 1312/1935/458
f 1314/1716/457 1463/1937/457 429/1725/457
f 1314/1716/457 1461/1715/457 1463/1937/457
f 1461/1715/457 82/1938/457 1463/1937/457
f 1313/1721/456 1523/1711/456 1296/1714/456 436/1722/456
f 421/1634/456 1267/1626/456 1523/1711/456 1313/1721/456
f 1267/1626/456 420/1625/456 1311/1712/456 1523/1711/456
f 1312/1935/455 1524/1707/455 1303/1710/455 443/1934/455
f 428/1936/455 1274/1682/455 1524/1707/455 1312/1935/455
f 1274/1682/455 427/1681/455 1310/1708/455 1524/1707/455
f 1311/1712/454 1525/1703/454 1295/1706/454 435/1713/454
f 420/1625/454 1266/1678/454 1525/1703/454 1311/1712/454
f 1266/1678/454 419/1677/454 1309/1704/454 1525/1703/454
f 1310/1708/453 1526/1699/453 1302/1702/453 442/1709/453
f 427/1681/453 1273/1674/453 1526/1699/453 1310/1708/453
f 1273/1674/453 426/1673/453 1308/1700/453 1526/1699/453
f 1309/1704/452 1527/1695/452 1294/1698/452 434/1705/452
f 419/1677/452 1265/1670/452 1527/1695/452 1309/1704/452
f 1265/1670/452 418/1669/452 1306/1696/452 1527/1695/452
f 1308/1700/451 1528/1691/451 1301/1694/451 441/1701/451
f 426/1673/451 1272/1666/451 1528/1691/451 1308/1700/451
f 1272/1666/451 425/1665/451 1304/1692/451 1528/1691/451
f 1306/1696/450 1529/1687/450 1293/1690/450 433/1697/450
f 418/1669/450 1264/1662/450 1529/1687/450 1306/1696/450
f 1264/1662/450 417/1661/450 1307/1688/450 1529/1687/450
f 1304/1692/449 1530/1683/449 1300/1686/449 440/1693/449
f 425/1665/449 1271/1658/449 1530/1683/449 1304/1692/449
f 1271/1658/449 424/1657/449 1305/1684/449 1530/1683/449
f 1278/1939/448 1531/1679/448 1274/1682/448 428/1936/448
f 413/1940/448 1245/1594/448 1531/1679/448 1278/1939/448
f 1245/1594/448 412/1593/448 1289/1680/448 1531/1679/448
f 1276/1624/447 1532/1675/447 1266/1678/447 420/1625/447
f 405/1597/447 1237/1590/447 1532/1675/447 1276/1624/447
f 1237/1590/447 404/1589/447 1288/1676/447 1532/1675/447
f 1289/1680/446 1533/1671/446 1273/1674/446 427/1681/446
f 412/1593/446 1244/1586/446 1533/1671/446 1289/1680/446
f 1244/1586/446 411/1585/446 1287/1672/446 1533/1671/446
f 1288/1676/445 1534/1667/445 1265/1670/445 419/1677/445
f 404/1589/445 1236/1582/445 1534/1667/445 1288/1676/445
f 1236/1582/445 403/1581/445 1286/1668/445 1534/1667/445
f 1287/1672/444 1535/1663/444 1272/1666/444 426/1673/444
f 411/1585/444 1243/1578/444 1535/1663/444 1287/1672/444
f 1243/1578/444 410/1577/444 1285/1664/444 1535/1663/444
f 1286/1668/443 1536/1659/443 1264/1662/443 418/1669/443
f 403/1581/443 1235/1574/443 1536/1659/443 1286/1668/443
f 1235/1574/443 402/1573/443 1284/1660/443 1536/1659/443
f 1285/1664/442 1537/1655/442 1271/1658/442 425/1665/442
f 410/1577/442 1242/1570/442 1537/1655/442 1285/1664/442
f 1242/1570/442 409/1569/442 1283/1656/442 1537/1655/442
f 1284/1660/441 1538/1651/441 1263/1654/441 417/1661/441
f 402/1573/441 1234/1566/441 1538/1651/441 1284/1660/441
f 1234/1566/441 401/1565/441 1282/1652/441 1538/1651/441
f 1283/1656/440 1539/1647/440 1270/1650/440 424/1657/440
f 409/1569/440 1241/1622/440 1539/1647/440 1283/1656/440
f 1241/1622/440 408/1621/440 1281/1648/440 1539/1647/440
f 1282/1652/439 1540/1643/439 1262/1646/439 416/1653/439
f 401/1565/439 1233/1618/439 1540/1643/439 1282/1652/439
f 1233/1618/439 400/1617/439 1280/1644/439 1540/1643/439
f 1281/1648/438 1541/1639/438 1269/1642/438 423/1649/438
f 408/1621/438 1240/1614/438 1541/1639/438 1281/1648/438
f 1240/1614/438 407/1613/438 1279/1640/438 1541/1639/438
f 1280/1644/437 1542/1636/437 1261/1638/437 415/1645/437
f 400/1617/437 1232/1610/437 1542/1636/437 1280/1644/437
f 1232/1610/437 399/1609/437 1277/1628/437 1542/1636/437
f 1279/1640/436 1543/1632/436 1268/1635/436 422/1641/436
f 407/1613/436 1239/1607/436 1543/1632/436 1279/1640/436
f 1239/1607/436 406/1606/436 1275/1633/436 1543/1632/436
f 1462/1631/435 1278/1939/435 428/1936/435
f 1462/1631/435 1460/1630/435 1278/1939/435
f 1460/1630/435 413/1940/435 1278/1939/435
f 1277/1628/434 1461/1941/434 414/1637/434
f 1277/1628/434 1459/1627/434 1461/1941/434
f 1459/1627/434 82/1942/434 1461/1941/434
f 1275/1633/433 1544/1623/433 1267/1626/433 421/1634/433
f 406/1606/433 1238/1598/433 1544/1623/433 1275/1633/433
f 1238/1598/433 405/1597/433 1276/1624/433 1544/1623/433
f 1249/1568/432 1545/1619/432 1241/1622/432 409/1569/432
f 394/1541/432 1212/1534/432 1545/1619/432 1249/1568/432
f 1212/1534/432 393/1533/432 1260/1620/432 1545/1619/432
f 1247/1564/431 1546/1615/431 1233/1618/431 401/1565/431
f 386/1537/431 1204/1530/431 1546/1615/431 1247/1564/431
f 1204/1530/431 385/1529/431 1259/1616/431 1546/1615/431
f 1260/1620/430 1547/1611/430 1240/1614/430 408/1621/430
f 393/1533/430 1211/1526/430 1547/1611/430 1260/1620/430
f 1211/1526/430 392/1525/430 1258/1612/430 1547/1611/430
f 1259/1616/429 1548/1608/429 1232/1610/429 400/1617/429
f 385/1529/429 1203/1522/429 1548/1608/429 1259/1616/429
f 1203/1522/429 384/1521/429 1257/1600/429 1548/1608/429
f 1258/1612/428 1549/1604/428 1239/1607/428 407/1613/428
f 392/1525/428 1210/1519/428 1549/1604/428 1258/1612/428
f 1210/1519/428 391/1518/428 1256/1605/428 1549/1604/428
f 1460/1603/427 1255/1943/427 413/1940/427
f 1460/1603/427 1458/1602/427 1255/1943/427
f 1458/1602/427 398/1944/427 1255/1943/427
f 1257/1600/426 1459/1945/426 399/1609/426
f 1257/1600/426 1457/1599/426 1459/1945/426
f 1457/1599/426 82/1946/426 1459/1945/426
f 1256/1605/425 1550/1595/425 1238/1598/425 406/1606/425
f 391/1518/425 1209/1510/425 1550/1595/425 1256/1605/425
f 1209/1510/425 390/1509/425 1254/1596/425 1550/1595/425
f 1255/1943/424 1551/1591/424 1245/1594/424 413/1940/424
f 398/1944/424 1216/1506/424 1551/1591/424 1255/1943/424
f 1216/1506/424 397/1505/424 1253/1592/424 1551/1591/424
f 1254/1596/423 1552/1587/423 1237/1590/423 405/1597/423
f 390/1509/423 1208/1562/423 1552/1587/423 1254/1596/423
f 1208/1562/423 389/1561/423 1252/1588/423 1552/1587/423
f 1253/1592/422 1553/1583/422 1244/1586/422 412/1593/422
f 397/1505/422 1215/1558/422 1553/1583/422 1253/1592/422
f 1215/1558/422 396/1557/422 1251/1584/422 1553/1583/422
f 1252/1588/421 1554/1579/421 1236/1582/421 404/1589/421
f 389/1561/421 1207/1554/421 1554/1579/421 1252/1588/421
f 1207/1554/421 388/1553/421 1250/1580/421 1554/1579/421
f 1251/1584/420 1555/1575/420 1243/1578/420 411/1585/420
f 396/1557/420 1214/1550/420 1555/1575/420 1251/1584/420
f 1214/1550/420 395/1549/420 1248/1576/420 1555/1575/420
f 1250/1580/419 1556/1571/419 1235/1574/419 403/1581/419
f 388/1553/419 1206/1546/419 1556/1571/419 1250/1580/419
f 1206/1546/419 387/1545/419 1246/1572/419 1556/1571/419
f 1248/1576/418 1557/1567/418 1242/1570/418 410/1577/418
f 395/1549/418 1213/1542/418 1557/1567/418 1248/1576/418
f 1213/1542/418 394/1541/418 1249/1568/418 1557/1567/418
f 1246/1572/417 1558/1563/417 1234/1566/417 402/1573/417
f 387/1545/417 1205/1538/417 1558/1563/417 1246/1572/417
f 1205/1538/417 386/1537/417 1247/1564/417 1558/1563/417
f 1220/1508/416 1559/1559/416 1208/1562/416 390/1509/416
f 375/1480/416 1179/1473/416 1559/1559/416 1220/1508/416
f 1179/1473/416 374/1472/416 1231/1560/416 1559/1559/416
f 1218/1504/415 1560/1555/415 1215/1558/415 397/1505/415
f 382/1476/415 1186/1469/415 1560/1555/415 1218/1504/415
f 1186/1469/415 381/1468/415 1230/1556/415 1560/1555/415
f 1231/1560/414 1561/1551/414 1207/1554/414 389/1561/414
f 374/1472/414 1178/1465/414 1561/1551/414 1231/1560/414
f 1178/1465/414 373/1464/414 1229/1552/414 1561/1551/414
f 1230/1556/413 1562/1547/413 1214/1550/413 396/1557/413
f 381/1468/413 1185/1461/413 1562/1547/413 1230/1556/413
f 1185/1461/413 380/1460/413 1228/1548/413 1562/1547/413
f 1229/1552/412 1563/1543/412 1206/1546/412 388/1553/412
f 373/1464/412 1177/1457/412 1563/1543/412 1229/1552/412
f 1177/1457/412 372/1456/412 1227/1544/412 1563/1543/412
f 1228/1548/411 1564/1539/411 1213/1542/411 395/1549/411
f 380/1460/411 1184/1453/411 1564/1539/411 1228/1548/411
f 1184/1453/411 379/1452/411 1226/1540/411 1564/1539/411
f 1227/1544/410 1565/1535/410 1205/1538/410 387/1545/410
f 372/1456/410 1176/1449/410 1565/1535/410 1227/1544/410
f 1176/1449/410 371/1448/410 1225/1536/410 1565/1535/410
f 1226/1540/409 1566/1531/409 1212/1534/409 394/1541/409
f 379/1452/409 1183/1445/409 1566/1531/409 1226/1540/409
f 1183/1445/409 378/1444/409 1224/1532/409 1566/1531/409
f 1225/1536/408 1567/1527/408 1204/1530/408 386/1537/408
f 371/1448/408 1175/1502/408 1567/1527/408 1225/1536/408
f 1175/1502/408 370/1501/408 1223/1528/408 1567/1527/408
f 1224/1532/407 1568/1523/407 1211/1526/407 393/1533/407
f 378/1444/407 1182/1498/407 1568/1523/407 1224/1532/407
f 1182/1498/407 377/1497/407 1222/1524/407 1568/1523/407
f 1223/1528/406 1569/1520/406 1203/1522/406 385/1529/406
f 370/1501/406 1174/1494/406 1569/1520/406 1223/1528/406
f 1174/1494/406 369/1493/406 1221/1512/406 1569/1520/406
f 1222/1524/405 1570/1516/405 1210/1519/405 392/1525/405
f 377/1497/405 1181/1491/405 1570/1516/405 1222/1524/405
f 1181/1491/405 376/1490/405 1219/1517/405 1570/1516/405
f 1458/1515/404 1217/1947/404 398/1944/404
f 1458/1515/404 1456/1514/404 1217/1947/404
f 1456/1514/404 383/1948/404 1217/1947/404
f 1221/1512/403 1457/1949/403 384/1521/403
f 1221/1512/403 1455/1511/403 1457/1949/403
f 1455/1511/403 82/1950/403 1457/1949/403
f 1219/1517/402 1571/1507/402 1209/1510/402 391/1518/402
f 376/1490/402 1180/1481/402 1571/1507/402 1219/1517/402
f 1180/1481/402 375/1480/402 1220/1508/402 1571/1507/402
f 1217/1947/401 1572/1503/401 1216/1506/401 398/1944/401
f 383/1948/401 1187/1477/401 1572/1503/401 1217/1947/401
f 1187/1477/401 382/1476/401 1218/1504/401 1572/1503/401
f 1191/1447/400 1573/1499/400 1175/1502/400 371/1448/400
f 356/1951/400 1146/1952/400 1573/1499/400 1191/1447/400
f 1146/1952/400 355/1953/400 1202/1500/400 1573/1499/400
f 1189/1443/399 1574/1495/399 1182/1498/399 378/1444/399
f 363/1954/399 1153/1955/399 1574/1495/399 1189/1443/399
f 1153/1955/399 362/1956/399 1201/1496/399 1574/1495/399
f 1202/1500/398 1575/1492/398 1174/1494/398 370/1501/398
f 355/1953/398 1145/1957/398 1575/1492/398 1202/1500/398
f 1145/1957/398 354/1482/398 1200/1484/398 1575/1492/398
f 1201/1496/397 1576/1488/397 1181/1491/397 377/1497/397
f 362/1956/517 1152/1958/517 1576/1488/517 1201/1496/517
f 1152/1958/517 361/1959/517 1199/1489/517 1576/1488/517
f 1456/1487/396 1198/1960/396 383/1948/396
f 1456/1487/396 1454/1486/396 1198/1960/396
f 1454/1486/396 368/1961/396 1198/1960/396
f 1200/1484/395 1455/1962/395 369/1493/395
f 1200/1484/395 1453/1483/395 1455/1962/395
f 1453/1483/395 82/1963/395 1455/1962/395
f 1199/1489/394 1577/1478/394 1180/1481/394 376/1490/394
f 361/1959/518 1151/1964/518 1577/1478/518 1199/1489/518
f 1151/1964/518 360/1965/518 1197/1479/518 1577/1478/518
f 1198/1960/393 1578/1474/393 1187/1477/393 383/1948/393
f 368/1961/393 1158/1966/393 1578/1474/393 1198/1960/393
f 1158/1966/393 367/1967/393 1196/1475/393 1578/1474/393
f 1197/1479/392 1579/1470/392 1179/1473/392 375/1480/392
f 360/1965/392 1150/1968/392 1579/1470/392 1197/1479/392
f 1150/1968/392 359/1969/392 1195/1471/392 1579/1470/392
f 1196/1475/391 1580/1466/391 1186/1469/391 382/1476/391
f 367/1967/391 1157/1970/391 1580/1466/391 1196/1475/391
f 1157/1970/391 366/1971/391 1194/1467/391 1580/1466/391
f 1195/1471/390 1581/1462/390 1178/1465/390 374/1472/390
f 359/1969/390 1149/1972/390 1581/1462/390 1195/1471/390
f 1149/1972/390 358/1973/390 1193/1463/390 1581/1462/390
f 1194/1467/389 1582/1458/389 1185/1461/389 381/1468/389
f 366/1971/389 1156/1974/389 1582/1458/389 1194/1467/389
f 1156/1974/389 365/1975/389 1192/1459/389 1582/1458/389
f 1193/1463/388 1583/1454/388 1177/1457/388 373/1464/388
f 358/1973/388 1148/1976/388 1583/1454/388 1193/1463/388
f 1148/1976/388 357/1977/388 1190/1455/388 1583/1454/388
f 1192/1459/387 1584/1450/387 1184/1453/387 380/1460/387
f 365/1975/387 1155/1978/387 1584/1450/387 1192/1459/387
f 1155/1978/387 364/1979/387 1188/1451/387 1584/1450/387
f 1190/1455/386 1585/1446/386 1176/1449/386 372/1456/386
f 357/1977/386 1147/1980/386 1585/1446/386 1190/1455/386
f 1147/1980/386 356/1951/386 1191/1447/386 1585/1446/386
f 1188/1451/385 1586/1442/385 1183/1445/385 379/1452/385
f 364/1979/385 1154/1981/385 1586/1442/385 1188/1451/385
f 1154/1981/385 363/1954/385 1189/1443/385 1586/1442/385
f 1162/1387/384 1587/1438/384 1157/1441/384 367/1388/384
f 352/1360/384 1128/1353/384 1587/1438/384 1162/1387/384
f 1128/1353/384 351/1352/384 1173/1439/384 1587/1438/384
f 1160/1383/383 1588/1434/383 1149/1437/383 359/1384/383
f 344/1356/383 1120/1349/383 1588/1434/383 1160/1383/383
f 1120/1349/383 343/1348/383 1172/1435/383 1588/1434/383
f 1173/1439/382 1589/1430/382 1156/1433/382 366/1440/382
f 351/1352/382 1127/1345/382 1589/1430/382 1173/1439/382
f 1127/1345/382 350/1344/382 1171/1431/382 1589/1430/382
f 1172/1435/381 1590/1426/381 1148/1429/381 358/1436/381
f 343/1348/381 1119/1341/381 1590/1426/381 1172/1435/381
f 1119/1341/381 342/1340/381 1170/1427/381 1590/1426/381
f 1171/1431/380 1591/1422/380 1155/1425/380 365/1432/380
f 350/1344/380 1126/1337/380 1591/1422/380 1171/1431/380
f 1126/1337/380 349/1336/380 1169/1423/380 1591/1422/380
f 1170/1427/379 1592/1418/379 1147/1421/379 357/1428/379
f 342/1340/379 1118/1333/379 1592/1418/379 1170/1427/379
f 1118/1333/379 341/1332/379 1168/1419/379 1592/1418/379
f 1169/1423/378 1593/1414/378 1154/1417/378 364/1424/378
f 349/1336/378 1125/1329/378 1593/1414/378 1169/1423/378
f 1125/1329/378 348/1328/378 1167/1415/378 1593/1414/378
f 1168/1419/377 1594/1410/377 1146/1413/377 356/1420/377
f 341/1332/377 1117/1325/377 1594/1410/377 1168/1419/377
f 1117/1325/377 340/1324/377 1166/1411/377 1594/1410/377
f 1167/1415/376 1595/1406/376 1153/1409/376 363/1416/376
f 348/1328/376 1124/1381/376 1595/1406/376 1167/1415/376
f 1124/1381/376 347/1380/376 1165/1407/376 1595/1406/376
f 1166/1411/375 1596/1403/375 1145/1405/375 355/1412/375
f 340/1324/375 1116/1377/375 1596/1403/375 1166/1411/375
f 1116/1377/375 339/1376/375 1164/1395/375 1596/1403/375
f 1165/1407/374 1597/1399/374 1152/1402/374 362/1408/374
f 347/1380/374 1123/1374/374 1597/1399/374 1165/1407/374
f 1123/1374/374 346/1373/374 1163/1400/374 1597/1399/374
f 1454/1398/373 1161/1982/373 368/1983/373
f 1454/1398/373 1452/1397/373 1161/1982/373
f 1452/1397/373 353/1984/373 1161/1982/373
f 1164/1395/372 1453/1985/372 354/1404/372
f 1164/1395/372 1451/1394/372 1453/1985/372
f 1451/1394/372 82/1986/372 1453/1985/372
f 1163/1400/371 1598/1390/371 1151/1393/371 361/1401/371
f 346/1373/371 1122/1365/371 1598/1390/371 1163/1400/371
f 1122/1365/371 345/1364/371 1159/1391/371 1598/1390/371
f 1161/1982/370 1599/1386/370 1158/1389/370 368/1983/370
f 353/1984/370 1129/1361/370 1599/1386/370 1161/1982/370
f 1129/1361/370 352/1360/370 1162/1387/370 1599/1386/370
f 1159/1391/369 1600/1382/369 1150/1385/369 360/1392/369
f 345/1364/369 1121/1357/369 1600/1382/369 1159/1391/369
f 1121/1357/369 344/1356/369 1160/1383/369 1600/1382/369
f 1133/1327/368 1601/1378/368 1124/1381/368 348/1328/368
f 333/1300/368 1095/1293/368 1601/1378/368 1133/1327/368
f 1095/1293/368 332/1292/368 1144/1379/368 1601/1378/368
f 1131/1323/367 1602/1375/367 1116/1377/367 340/1324/367
f 325/1296/367 1087/1289/367 1602/1375/367 1131/1323/367
f 1087/1289/367 324/1288/367 1143/1367/367 1602/1375/367
f 1144/1379/366 1603/1371/366 1123/1374/366 347/1380/366
f 332/1292/366 1094/1286/366 1603/1371/366 1144/1379/366
f 1094/1286/366 331/1285/366 1142/1372/366 1603/1371/366
f 1452/1370/365 1141/1987/365 353/1984/365
f 1452/1370/365 1450/1369/365 1141/1987/365
f 1450/1369/365 338/1988/365 1141/1987/365
f 1143/1367/364 1451/1989/364 339/1376/364
f 1143/1367/364 1449/1366/364 1451/1989/364
f 1449/1366/364 82/1990/364 1451/1989/364
f 1142/1372/363 1604/1362/363 1122/1365/363 346/1373/363
f 331/1285/363 1093/1277/363 1604/1362/363 1142/1372/363
f 1093/1277/363 330/1276/363 1140/1363/363 1604/1362/363
f 1141/1987/362 1605/1358/362 1129/1361/362 353/1984/362
f 338/1988/362 1100/1273/362 1605/1358/362 1141/1987/362
f 1100/1273/362 337/1272/362 1139/1359/362 1605/1358/362
f 1140/1363/361 1606/1354/361 1121/1357/361 345/1364/361
f 330/1276/361 1092/1269/361 1606/1354/361 1140/1363/361
f 1092/1269/361 329/1268/361 1138/1355/361 1606/1354/361
f 1139/1359/360 1607/1350/360 1128/1353/360 352/1360/360
f 337/1272/360 1099/1265/360 1607/1350/360 1139/1359/360
f 1099/1265/360 336/1264/360 1137/1351/360 1607/1350/360
f 1138/1355/359 1608/1346/359 1120/1349/359 344/1356/359
f 329/1268/359 1091/1321/359 1608/1346/359 1138/1355/359
f 1091/1321/359 328/1320/359 1136/1347/359 1608/1346/359
f 1137/1351/358 1609/1342/358 1127/1345/358 351/1352/358
f 336/1264/358 1098/1317/358 1609/1342/358 1137/1351/358
f 1098/1317/358 335/1316/358 1135/1343/358 1609/1342/358
f 1136/1347/357 1610/1338/357 1119/1341/357 343/1348/357
f 328/1320/357 1090/1313/357 1610/1338/357 1136/1347/357
f 1090/1313/357 327/1312/357 1134/1339/357 1610/1338/357
f 1135/1343/356 1611/1334/356 1126/1337/356 350/1344/356
f 335/1316/356 1097/1309/356 1611/1334/356 1135/1343/356
f 1097/1309/356 334/1308/356 1132/1335/356 1611/1334/356
f 1134/1339/355 1612/1330/355 1118/1333/355 342/1340/355
f 327/1312/355 1089/1305/355 1612/1330/355 1134/1339/355
f 1089/1305/355 326/1304/355 1130/1331/355 1612/1330/355
f 1132/1335/354 1613/1326/354 1125/1329/354 349/1336/354
f 334/1308/354 1096/1301/354 1613/1326/354 1132/1335/354
f 1096/1301/354 333/1300/354 1133/1327/354 1613/1326/354
f 1130/1331/353 1614/1322/353 1117/1325/353 341/1332/353
f 326/1304/353 1088/1297/353 1614/1322/353 1130/1331/353
f 1088/1297/353 325/1296/353 1131/1323/353 1614/1322/353
f 1104/1267/352 1615/1318/352 1091/1321/352 329/1268/352
f 314/1240/352 1062/1233/352 1615/1318/352 1104/1267/352
f 1062/1233/352 313/1232/352 1115/1319/352 1615/1318/352
f 1102/1263/351 1616/1314/351 1098/1317/351 336/1264/351
f 321/1236/351 1069/1229/351 1616/1314/351 1102/1263/351
f 1069/1229/351 320/1228/351 1114/1315/351 1616/1314/351
f 1115/1319/350 1617/1310/350 1090/1313/350 328/1320/350
f 313/1232/350 1061/1225/350 1617/1310/350 1115/1319/350
f 1061/1225/350 312/1224/350 1113/1311/350 1617/1310/350
f 1114/1315/349 1618/1306/349 1097/1309/349 335/1316/349
f 320/1228/349 1068/1221/349 1618/1306/349 1114/1315/349
f 1068/1221/349 319/1220/349 1112/1307/349 1618/1306/349
f 1113/1311/348 1619/1302/348 1089/1305/348 327/1312/348
f 312/1224/348 1060/1217/348 1619/1302/348 1113/1311/348
f 1060/1217/348 311/1216/348 1111/1303/348 1619/1302/348
f 1112/1307/347 1620/1298/347 1096/1301/347 334/1308/347
f 319/1220/347 1067/1213/347 1620/1298/347 1112/1307/347
f 1067/1213/347 318/1212/347 1110/1299/347 1620/1298/347
f 1111/1303/346 1621/1294/346 1088/1297/346 326/1304/346
f 311/1216/346 1059/1209/346 1621/1294/346 1111/1303/346
f 1059/1209/346 310/1208/346 1109/1295/346 1621/1294/346
f 1110/1299/345 1622/1290/345 1095/1293/345 333/1300/345
f 318/1212/345 1066/1205/345 1622/1290/345 1110/1299/345
f 1066/1205/345 317/1204/345 1108/1291/345 1622/1290/345
f 1109/1295/344 1623/1287/344 1087/1289/344 325/1296/344
f 310/1208/344 1058/1261/344 1623/1287/344 1109/1295/344
f 1058/1261/344 309/1260/344 1107/1279/344 1623/1287/344
f 1108/1291/343 1624/1283/343 1094/1286/343 332/1292/343
f 317/1204/343 1065/1258/343 1624/1283/343 1108/1291/343
f 1065/1258/343 316/1257/343 1106/1284/343 1624/1283/343
f 1450/1282/342 1105/1991/342 338/1988/342
f 1450/1282/342 1448/1281/342 1105/1991/342
f 1448/1281/342 323/1992/342 1105/1991/342
f 1107/1279/341 1449/1993/341 324/1288/341
f 1107/1279/341 1447/1278/341 1449/1993/341
f 1447/1278/341 82/1994/341 1449/1993/341
f 1106/1284/340 1625/1274/340 1093/1277/340 331/1285/340
f 316/1257/340 1064/1249/340 1625/1274/340 1106/1284/340
f 1064/1249/340 315/1248/340 1103/1275/340 1625/1274/340
f 1105/1991/339 1626/1270/339 1100/1273/339 338/1988/339
f 323/1992/339 1071/1245/339 1626/1270/339 1105/1991/339
f 1071/1245/339 322/1244/339 1101/1271/339 1626/1270/339
f 1103/1275/338 1627/1266/338 1092/1269/338 330/1276/338
f 315/1248/338 1063/1241/338 1627/1266/338 1103/1275/338
f 1063/1241/338 314/1240/338 1104/1267/338 1627/1266/338
f 1101/1271/337 1628/1262/337 1099/1265/337 337/1272/337
f 322/1244/337 1070/1237/337 1628/1262/337 1101/1271/337
f 1070/1237/337 321/1236/337 1102/1263/337 1628/1262/337
f 1075/1207/336 1629/1259/336 1058/1261/336 310/1208/336
f 294/1184/336 1028/1177/336 1629/1259/336 1075/1207/336
f 1028/1177/336 293/1176/336 1086/1251/336 1629/1259/336
f 1073/1203/335 1630/1255/335 1065/1258/335 317/1204/335
f 301/1180/335 1035/1174/335 1630/1255/335 1073/1203/335
f 1035/1174/335 300/1173/335 1085/1256/335 1630/1255/335
f 1448/1254/334 1084/1995/334 323/1992/334
f 1448/1254/334 1042/1253/334 1084/1995/334
f 1042/1253/334 307/1996/334 1084/1995/334
f 1086/1251/333 1447/1997/333 309/1260/333
f 1086/1251/333 1446/1250/333 1447/1997/333
f 1446/1250/333 82/1998/333 1447/1997/333
f 1085/1256/332 1631/1246/332 1064/1249/332 316/1257/332
f 300/1173/332 1034/1165/332 1631/1246/332 1085/1256/332
f 1034/1165/332 299/1164/332 1083/1247/332 1631/1246/332
f 1084/1995/331 1632/1242/331 1071/1245/331 323/1992/331
f 307/1996/331 1041/1161/331 1632/1242/331 1084/1995/331
f 1041/1161/331 306/1160/331 1082/1243/331 1632/1242/331
f 1083/1247/330 1633/1238/330 1063/1241/330 315/1248/330
f 299/1164/330 1033/1157/330 1633/1238/330 1083/1247/330
f 1033/1157/330 298/1156/330 1081/1239/330 1633/1238/330
f 1082/1243/329 1634/1234/329 1070/1237/329 322/1244/329
f 306/1160/329 1040/1153/329 1634/1234/329 1082/1243/329
f 1040/1153/329 305/1152/329 1080/1235/329 1634/1234/329
f 1081/1239/328 1635/1230/328 1062/1233/328 314/1240/328
f 298/1156/328 1032/1149/328 1635/1230/328 1081/1239/328
f 1032/1149/328 297/1148/328 1079/1231/328 1635/1230/328
f 1080/1235/327 1636/1226/327 1069/1229/327 321/1236/327
f 305/1152/327 1039/1145/327 1636/1226/327 1080/1235/327
f 1039/1145/327 304/1144/327 1078/1227/327 1636/1226/327
f 1079/1231/326 1637/1222/326 1061/1225/326 313/1232/326
f 297/1148/326 1031/1201/326 1637/1222/326 1079/1231/326
f 1031/1201/326 296/1200/326 1077/1223/326 1637/1222/326
f 1078/1227/325 1638/1218/325 1068/1221/325 320/1228/325
f 304/1144/325 1038/1197/325 1638/1218/325 1078/1227/325
f 1038/1197/325 303/1196/325 1076/1219/325 1638/1218/325
f 1077/1223/324 1639/1214/324 1060/1217/324 312/1224/324
f 296/1200/324 1030/1193/324 1639/1214/324 1077/1223/324
f 1030/1193/324 295/1192/324 1074/1215/324 1639/1214/324
f 1076/1219/323 1640/1210/323 1067/1213/323 319/1220/323
f 303/1196/323 1037/1189/323 1640/1210/323 1076/1219/323
f 1037/1189/323 302/1188/323 1072/1211/323 1640/1210/323
f 1074/1215/322 1641/1206/322 1059/1209/322 311/1216/322
f 295/1192/322 1029/1185/322 1641/1206/322 1074/1215/322
f 1029/1185/322 294/1184/322 1075/1207/322 1641/1206/322
f 1072/1211/321 1642/1202/321 1066/1205/321 318/1212/321
f 302/1188/321 1036/1181/321 1642/1202/321 1072/1211/321
f 1036/1181/321 301/1180/321 1073/1203/321 1642/1202/321
f 1046/1147/320 1643/1198/320 1031/1201/320 297/1148/320
f 282/1120/320 1002/1113/320 1643/1198/320 1046/1147/320
f 1002/1113/320 281/1112/320 1057/1199/320 1643/1198/320
f 1044/1143/319 1644/1194/319 1038/1197/319 304/1144/319
f 289/1116/319 1009/1109/319 1644/1194/319 1044/1143/319
f 1009/1109/319 288/1108/319 1056/1195/319 1644/1194/319
f 1057/1199/318 1645/1190/318 1030/1193/318 296/1200/318
f 281/1112/318 1001/1105/318 1645/1190/318 1057/1199/318
f 1001/1105/318 280/1104/318 1055/1191/318 1645/1190/318
f 1056/1195/317 1646/1186/317 1037/1189/317 303/1196/317
f 288/1108/317 1008/1101/317 1646/1186/317 1056/1195/317
f 1008/1101/317 287/1100/317 1054/1187/317 1646/1186/317
f 1055/1191/316 1647/1182/316 1029/1185/316 295/1192/316
f 280/1104/316 1000/1097/316 1647/1182/316 1055/1191/316
f 1000/1097/316 279/1096/316 1053/1183/316 1647/1182/316
f 1054/1187/315 1648/1178/315 1036/1181/315 302/1188/315
f 287/1100/315 1007/1093/315 1648/1178/315 1054/1187/315
f 1007/1093/315 286/1092/315 1052/1179/315 1648/1178/315
f 1053/1183/314 1649/1175/314 1028/1177/314 294/1184/314
f 279/1096/314 999/1089/314 1649/1175/314 1053/1183/314
f 999/1089/314 278/1088/314 1051/1167/314 1649/1175/314
f 1052/1179/313 1650/1171/313 1035/1174/313 301/1180/313
f 286/1092/313 1006/1085/313 1650/1171/313 1052/1179/313
f 1006/1085/313 285/1084/313 1050/1172/313 1650/1171/313
f 1042/1170/312 1049/1999/312 307/1996/312
f 1042/1170/312 1445/1169/312 1049/1999/312
f 1445/1169/312 292/2000/312 1049/1999/312
f 1051/1167/311 1446/2001/311 293/1176/311
f 1051/1167/311 1444/1166/311 1446/2001/311
f 1444/1166/311 82/2002/311 1446/2001/311
f 1050/1172/310 1651/1162/310 1034/1165/310 300/1173/310
f 285/1084/310 1005/1137/310 1651/1162/310 1050/1172/310
f 1005/1137/310 284/1136/310 1048/1163/310 1651/1162/310
f 1049/1999/309 1652/1158/309 1041/1161/309 307/1996/309
f 292/2000/309 1012/1133/309 1652/1158/309 1049/1999/309
f 1012/1133/309 291/1132/309 1047/1159/309 1652/1158/309
f 1048/1163/308 1653/1154/308 1033/1157/308 299/1164/308
f 284/1136/308 1004/1129/308 1653/1154/308 1048/1163/308
f 1004/1129/308 283/1128/308 1045/1155/308 1653/1154/308
f 1047/1159/307 1654/1150/307 1040/1153/307 306/1160/307
f 291/1132/307 1011/1125/307 1654/1150/307 1047/1159/307
f 1011/1125/307 290/1124/307 1043/1151/307 1654/1150/307
f 1045/1155/306 1655/1146/306 1032/1149/306 298/1156/306
f 283/1128/306 1003/1121/306 1655/1146/306 1045/1155/306
f 1003/1121/306 282/1120/306 1046/1147/306 1655/1146/306
f 1043/1151/305 1656/1142/305 1039/1145/305 305/1152/305
f 290/1124/305 1010/1117/305 1656/1142/305 1043/1151/305
f 1010/1117/305 289/1116/305 1044/1143/305 1656/1142/305
f 1445/1141/304 1027/2003/304 292/2000/304
f 1445/1141/304 1443/1140/304 1027/2003/304
f 1443/1140/304 277/2004/304 1027/2003/304
f 1016/1087/303 1444/2005/303 278/1088/303
f 1016/1087/303 1442/1138/303 1444/2005/303
f 1442/1138/303 82/2006/303 1444/2005/303
f 1014/1083/302 1657/1134/302 1005/1137/302 285/1084/302
f 270/1057/302 976/1049/302 1657/1134/302 1014/1083/302
f 976/1049/302 269/1048/302 1026/1135/302 1657/1134/302
f 1027/2003/301 1658/1130/301 1012/1133/301 292/2000/301
f 277/2004/301 983/1045/301 1658/1130/301 1027/2003/301
f 983/1045/301 276/1044/301 1025/1131/301 1658/1130/301
f 1026/1135/300 1659/1126/300 1004/1129/300 284/1136/300
f 269/1048/300 975/1041/300 1659/1126/300 1026/1135/300
f 975/1041/300 268/1040/300 1024/1127/300 1659/1126/300
f 1025/1131/519 1660/1122/519 1011/1125/519 291/1132/519
f 276/1044/519 982/1037/519 1660/1122/519 1025/1131/519
f 982/1037/299 275/1036/299 1023/1123/299 1660/1122/299
f 1024/1127/298 1661/1118/298 1003/1121/298 283/1128/298
f 268/1040/298 974/1033/298 1661/1118/298 1024/1127/298
f 974/1033/298 267/1032/298 1022/1119/298 1661/1118/298
f 1023/1123/297 1662/1114/297 1010/1117/297 290/1124/297
f 275/1036/297 981/1029/297 1662/1114/297 1023/1123/297
f 981/1029/297 274/1028/297 1021/1115/297 1662/1114/297
f 1022/1119/296 1663/1110/296 1002/1113/296 282/1120/296
f 267/1032/296 973/1025/296 1663/1110/296 1022/1119/296
f 973/1025/296 266/1024/296 1020/1111/296 1663/1110/296
f 1021/1115/295 1664/1106/295 1009/1109/295 289/1116/295
f 274/1028/295 980/1081/295 1664/1106/295 1021/1115/295
f 980/1081/295 273/1080/295 1019/1107/295 1664/1106/295
f 1020/1111/294 1665/1102/294 1001/1105/294 281/1112/294
f 266/1024/294 972/1077/294 1665/1102/294 1020/1111/294
f 972/1077/294 265/1076/294 1018/1103/294 1665/1102/294
f 1019/1107/293 1666/1098/293 1008/1101/293 288/1108/293
f 273/1080/293 979/1073/293 1666/1098/293 1019/1107/293
f 979/1073/293 272/1072/293 1017/1099/293 1666/1098/293
f 1018/1103/520 1667/1094/520 1000/1097/520 280/1104/520
f 265/1076/520 971/1069/520 1667/1094/520 1018/1103/520
f 971/1069/292 264/1068/292 1015/1095/292 1667/1094/292
f 1017/1099/291 1668/1090/291 1007/1093/291 287/1100/291
f 272/1072/291 978/1065/291 1668/1090/291 1017/1099/291
f 978/1065/291 271/1064/291 1013/1091/291 1668/1090/291
f 1015/1095/290 1669/1086/290 999/1089/290 279/1096/290
f 264/1068/290 970/1061/290 1669/1086/290 1015/1095/290
f 970/1061/290 263/1060/290 1016/1087/290 1669/1086/290
f 1013/1091/289 1670/1082/289 1006/1085/289 286/1092/289
f 271/1064/289 977/1058/289 1670/1082/289 1013/1091/289
f 977/1058/289 270/1057/289 1014/1083/289 1670/1082/289
f 987/1027/288 1671/1078/288 980/1081/288 274/1028/288
f 259/1000/288 951/993/288 1671/1078/288 987/1027/288
f 951/993/288 258/992/288 998/1079/288 1671/1078/288
f 985/1023/287 1672/1074/287 972/1077/287 266/1024/287
f 251/996/287 943/989/287 1672/1074/287 985/1023/287
f 943/989/287 250/988/287 997/1075/287 1672/1074/287
f 998/1079/286 1673/1070/286 979/1073/286 273/1080/286
f 258/992/286 950/985/286 1673/1070/286 998/1079/286
f 950/985/286 257/984/286 996/1071/286 1673/1070/286
f 997/1075/285 1674/1066/285 971/1069/285 265/1076/285
f 250/988/285 942/981/285 1674/1066/285 997/1075/285
f 942/981/285 249/980/285 995/1067/285 1674/1066/285
f 996/1071/284 1675/1062/284 978/1065/284 272/1072/284
f 257/984/284 949/977/284 1675/1062/284 996/1071/284
f 949/977/284 256/976/284 994/1063/284 1675/1062/284
f 995/1067/283 1676/1059/283 970/1061/283 264/1068/283
f 249/980/283 941/973/283 1676/1059/283 995/1067/283
f 941/973/283 248/972/283 993/1051/283 1676/1059/283
f 994/1063/282 1677/1055/282 977/1058/282 271/1064/282
f 256/976/282 948/970/282 1677/1055/282 994/1063/282
f 948/970/282 255/969/282 992/1056/282 1677/1055/282
f 1443/1054/281 991/2007/281 277/2004/281
f 1443/1054/281 1441/1053/281 991/2007/281
f 1441/1053/281 262/2008/281 991/2007/281
f 993/1051/280 1442/2009/280 263/1060/280
f 993/1051/280 1440/1050/280 1442/2009/280
f 1440/1050/280 82/2010/280 1442/2009/280
f 992/1056/279 1678/1046/279 976/1049/279 270/1057/279
f 255/969/279 947/1021/279 1678/1046/279 992/1056/279
f 947/1021/279 254/1020/279 990/1047/279 1678/1046/279
f 991/2007/278 1679/1042/278 983/1045/278 277/2004/278
f 262/2008/278 954/1017/278 1679/1042/278 991/2007/278
f 954/1017/278 261/1016/278 989/1043/278 1679/1042/278
f 990/1047/277 1680/1038/277 975/1041/277 269/1048/277
f 254/1020/277 946/1013/277 1680/1038/277 990/1047/277
f 946/1013/277 253/1012/277 988/1039/277 1680/1038/277
f 989/1043/276 1681/1034/276 982/1037/276 276/1044/276
f 261/1016/276 953/1009/276 1681/1034/276 989/1043/276
f 953/1009/276 260/1008/276 986/1035/276 1681/1034/276
f 988/1039/275 1682/1030/275 974/1033/275 268/1040/275
f 253/1012/275 945/1005/275 1682/1030/275 988/1039/275
f 945/1005/275 252/1004/275 984/1031/275 1682/1030/275
f 986/1035/274 1683/1026/274 981/1029/274 275/1036/274
f 260/1008/274 952/1001/274 1683/1026/274 986/1035/274
f 952/1001/274 259/1000/274 987/1027/274 1683/1026/274
f 984/1031/273 1684/1022/273 973/1025/273 267/1032/273
f 252/1004/273 944/997/273 1684/1022/273 984/1031/273
f 944/997/273 251/996/273 985/1023/273 1684/1022/273
f 958/968/521 1685/1018/521 947/1021/521 255/969/521
f 240/941/521 918/933/521 1685/1018/521 958/968/521
f 918/933/521 239/932/521 969/1019/521 1685/1018/521
f 956/2011/271 1686/1014/271 954/1017/271 262/2008/271
f 247/2012/271 925/929/271 1686/1014/271 956/2011/271
f 925/929/271 246/928/271 968/1015/271 1686/1014/271
f 969/1019/270 1687/1010/270 946/1013/270 254/1020/270
f 239/932/270 917/925/270 1687/1010/270 969/1019/270
f 917/925/270 238/924/270 967/1011/270 1687/1010/270
f 968/1015/269 1688/1006/269 953/1009/269 261/1016/269
f 246/928/269 924/921/269 1688/1006/269 968/1015/269
f 924/921/269 245/920/269 966/1007/269 1688/1006/269
f 967/1011/268 1689/1002/268 945/1005/268 253/1012/268
f 238/924/268 916/917/268 1689/1002/268 967/1011/268
f 916/917/268 237/916/268 965/1003/268 1689/1002/268
f 966/1007/267 1690/998/267 952/1001/267 260/1008/267
f 245/920/267 923/913/267 1690/998/267 966/1007/267
f 923/913/267 244/912/267 964/999/267 1690/998/267
f 965/1003/266 1691/994/266 944/997/266 252/1004/266
f 237/916/266 915/909/266 1691/994/266 965/1003/266
f 915/909/266 236/908/266 963/995/266 1691/994/266
f 964/999/265 1692/990/265 951/993/265 259/1000/265
f 244/912/265 922/905/265 1692/990/265 964/999/265
f 922/905/265 243/904/265 962/991/265 1692/990/265
f 963/995/264 1693/986/264 943/989/264 251/996/264
f 236/908/264 914/961/264 1693/986/264 963/995/264
f 914/961/264 235/960/264 961/987/264 1693/986/264
f 962/991/263 1694/982/263 950/985/263 258/992/263
f 243/904/263 921/957/263 1694/982/263 962/991/263
f 921/957/263 242/956/263 960/983/263 1694/982/263
f 961/987/262 1695/978/262 942/981/262 250/988/262
f 235/960/262 913/953/262 1695/978/262 961/987/262
f 913/953/262 234/952/262 959/979/262 1695/978/262
f 960/983/261 1696/974/261 949/977/261 257/984/261
f 242/956/261 920/949/261 1696/974/261 960/983/261
f 920/949/261 241/948/261 957/975/261 1696/974/261
f 959/979/260 1697/971/260 941/973/260 249/980/260
f 234/952/260 912/945/260 1697/971/260 959/979/260
f 912/945/260 233/944/260 955/963/260 1697/971/260
f 957/975/522 1698/967/522 948/970/522 256/976/522
f 241/948/259 919/942/259 1698/967/259 957/975/259
f 919/942/259 240/941/259 958/968/259 1698/967/259
f 1441/966/523 956/2011/523 262/2008/523
f 1441/966/258 1439/965/258 956/2011/258
f 1439/965/523 247/2012/523 956/2011/523
f 955/963/257 1440/2013/257 248/972/257
f 955/963/257 1438/962/257 1440/2013/257
f 1438/962/524 82/2014/524 1440/2013/524
f 929/907/256 1699/958/256 914/961/256 236/908/256
f 221/880/256 885/873/256 1699/958/256 929/907/256
f 885/873/256 220/872/256 940/959/256 1699/958/256
f 927/903/255 1700/954/255 921/957/255 243/904/255
f 228/876/255 892/869/255 1700/954/255 927/903/255
f 892/869/255 227/868/255 939/955/255 1700/954/255
f 940/959/254 1701/950/254 913/953/254 235/960/254
f 220/872/254 884/865/254 1701/950/254 940/959/254
f 884/865/254 219/864/254 938/951/254 1701/950/254
f 939/955/253 1702/946/253 920/949/253 242/956/253
f 227/868/253 891/861/253 1702/946/253 939/955/253
f 891/861/253 226/860/253 937/947/253 1702/946/253
f 938/951/252 1703/943/252 912/945/252 234/952/252
f 219/864/252 883/857/252 1703/943/252 938/951/252
f 883/857/252 218/856/252 936/935/252 1703/943/252
f 937/947/251 1704/939/251 919/942/251 241/948/251
f 226/860/251 890/854/251 1704/939/251 937/947/251
f 890/854/251 225/853/251 935/940/251 1704/939/251
f 1439/938/525 934/2015/525 247/2012/525
f 1439/938/250 1437/937/250 934/2015/250
f 1437/937/525 232/2016/525 934/2015/525
f 936/935/249 1438/2017/249 233/944/249
f 936/935/249 1436/934/249 1438/2017/249
f 1436/934/526 82/2018/526 1438/2017/526
f 935/940/248 1705/930/248 918/933/248 240/941/248
f 225/853/248 889/845/248 1705/930/248 935/940/248
f 889/845/248 224/844/248 933/931/248 1705/930/248
f 934/2015/247 1706/926/247 925/929/247 247/2012/247
f 232/2016/247 896/901/247 1706/926/247 934/2015/247
f 896/901/247 231/900/247 932/927/247 1706/926/247
f 933/931/246 1707/922/246 917/925/246 239/932/246
f 224/844/246 888/897/246 1707/922/246 933/931/246
f 888/897/246 223/896/246 931/923/246 1707/922/246
f 932/927/245 1708/918/245 924/921/245 246/928/245
f 231/900/245 895/893/245 1708/918/245 932/927/245
f 895/893/245 230/892/245 930/919/245 1708/918/245
f 931/923/244 1709/914/244 916/917/244 238/924/244
f 223/896/244 887/889/244 1709/914/244 931/923/244
f 887/889/244 222/888/244 928/915/244 1709/914/244
f 930/919/243 1710/910/243 923/913/243 245/920/243
f 230/892/243 894/885/243 1710/910/243 930/919/243
f 894/885/243 229/884/243 926/911/243 1710/910/243
f 928/915/242 1711/906/242 915/909/242 237/916/242
f 222/888/242 886/881/242 1711/906/242 928/915/242
f 886/881/242 221/880/242 929/907/242 1711/906/242
f 926/911/241 1712/902/241 922/905/241 244/912/241
f 229/884/241 893/877/241 1712/902/241 926/911/241
f 893/877/241 228/876/241 927/903/241 1712/902/241
f 900/2019/240 1713/898/240 896/901/240 232/2016/240
f 217/2020/240 867/813/240 1713/898/240 900/2019/240
f 867/813/240 216/812/240 911/899/240 1713/898/240
f 898/843/239 1714/894/239 888/897/239 224/844/239
f 209/816/239 859/809/239 1714/894/239 898/843/239
f 859/809/239 208/808/239 910/895/239 1714/894/239
f 911/899/238 1715/890/238 895/893/238 231/900/238
f 216/812/238 866/805/238 1715/890/238 911/899/238
f 866/805/238 215/804/238 909/891/238 1715/890/238
f 910/895/237 1716/886/237 887/889/237 223/896/237
f 208/808/237 858/801/237 1716/886/237 910/895/237
f 858/801/237 207/800/237 908/887/237 1716/886/237
f 909/891/236 1717/882/236 894/885/236 230/892/236
f 215/804/236 865/797/236 1717/882/236 909/891/236
f 865/797/236 214/796/236 907/883/236 1717/882/236
f 908/887/235 1718/878/235 886/881/235 222/888/235
f 207/800/235 857/793/235 1718/878/235 908/887/235
f 857/793/235 206/792/235 906/879/235 1718/878/235
f 907/883/234 1719/874/234 893/877/234 229/884/234
f 214/796/234 864/789/234 1719/874/234 907/883/234
f 864/789/234 213/788/234 905/875/234 1719/874/234
f 906/879/233 1720/870/233 885/873/233 221/880/233
f 206/792/233 856/785/233 1720/870/233 906/879/233
f 856/785/233 205/784/233 904/871/233 1720/870/233
f 905/875/232 1721/866/232 892/869/232 228/876/232
f 213/788/232 863/841/232 1721/866/232 905/875/232
f 863/841/232 212/840/232 903/867/232 1721/866/232
f 904/871/231 1722/862/231 884/865/231 220/872/231
f 205/784/231 855/837/231 1722/862/231 904/871/231
f 855/837/231 204/836/231 902/863/231 1722/862/231
f 903/867/230 1723/858/230 891/861/230 227/868/230
f 212/840/230 862/833/230 1723/858/230 903/867/230
f 862/833/230 211/832/230 901/859/230 1723/858/230
f 902/863/229 1724/855/229 883/857/229 219/864/229
f 204/836/229 854/829/229 1724/855/229 902/863/229
f 854/829/229 203/828/229 899/847/229 1724/855/229
f 901/859/228 1725/851/228 890/854/228 226/860/228
f 211/832/228 861/826/228 1725/851/228 901/859/228
f 861/826/228 210/825/228 897/852/228 1725/851/228
f 1437/850/227 900/2019/227 232/2016/227
f 1437/850/227 1435/849/227 900/2019/227
f 1435/849/227 217/2020/227 900/2019/227
f 899/847/226 1436/2021/226 218/856/226
f 899/847/226 1434/846/226 1436/2021/226
f 1434/846/226 82/2022/226 1436/2021/226
f 897/852/225 1726/842/225 889/845/225 225/853/225
f 210/825/225 860/817/225 1726/842/225 897/852/225
f 860/817/225 209/816/225 898/843/225 1726/842/225
f 871/787/224 1727/838/224 863/841/224 213/788/224
f 198/760/224 834/753/224 1727/838/224 871/787/224
f 834/753/224 197/752/224 882/839/224 1727/838/224
f 869/783/223 1728/834/223 855/837/223 205/784/223
f 190/756/223 826/749/223 1728/834/223 869/783/223
f 826/749/223 189/748/223 881/835/223 1728/834/223
f 882/839/222 1729/830/222 862/833/222 212/840/222
f 197/752/222 833/745/222 1729/830/222 882/839/222
f 833/745/222 196/744/222 880/831/222 1729/830/222
f 881/835/221 1730/827/221 854/829/221 204/836/221
f 189/748/221 825/741/221 1730/827/221 881/835/221
f 825/741/221 188/740/221 879/819/221 1730/827/221
f 880/831/220 1731/823/220 861/826/220 211/832/220
f 196/744/220 832/738/220 1731/823/220 880/831/220
f 832/738/220 195/737/220 878/824/220 1731/823/220
f 1435/822/219 877/2023/219 217/2020/219
f 1435/822/219 1433/821/219 877/2023/219
f 1433/821/219 202/2024/219 877/2023/219
f 879/819/218 1434/2025/218 203/828/218
f 879/819/218 1432/818/218 1434/2025/218
f 1432/818/218 82/2026/218 1434/2025/218
f 878/824/217 1732/814/217 860/817/217 210/825/217
f 195/737/217 831/729/217 1732/814/217 878/824/217
f 831/729/217 194/728/217 876/815/217 1732/814/217
f 877/2023/216 1733/810/216 867/813/216 217/2020/216
f 202/2024/216 838/725/216 1733/810/216 877/2023/216
f 838/725/216 201/724/216 875/811/216 1733/810/216
f 876/815/215 1734/806/215 859/809/215 209/816/215
f 194/728/215 830/781/215 1734/806/215 876/815/215
f 830/781/215 193/780/215 874/807/215 1734/806/215
f 875/811/527 1735/802/527 866/805/527 216/812/527
f 201/724/527 837/777/527 1735/802/527 875/811/527
f 837/777/214 200/776/214 873/803/214 1735/802/214
f 874/807/213 1736/798/213 858/801/213 208/808/213
f 193/780/213 829/773/213 1736/798/213 874/807/213
f 829/773/213 192/772/213 872/799/213 1736/798/213
f 873/803/212 1737/794/212 865/797/212 215/804/212
f 200/776/212 836/769/212 1737/794/212 873/803/212
f 836/769/212 199/768/212 870/795/212 1737/794/212
f 872/799/211 1738/790/211 857/793/211 207/800/211
f 192/772/211 828/765/211 1738/790/211 872/799/211
f 828/765/211 191/764/211 868/791/211 1738/790/211
f 870/795/210 1739/786/210 864/789/210 214/796/210
f 199/768/210 835/761/210 1739/786/210 870/795/210
f 835/761/210 198/760/210 871/787/210 1739/786/210
f 868/791/209 1740/782/209 856/785/209 206/792/209
f 191/764/209 827/757/209 1740/782/209 868/791/209
f 827/757/209 190/756/209 869/783/209 1740/782/209
f 842/727/208 1741/778/208 830/781/208 194/728/208
f 179/700/208 801/693/208 1741/778/208 842/727/208
f 801/693/208 178/692/208 853/779/208 1741/778/208
f 840/723/207 1742/774/207 837/777/207 201/724/207
f 186/696/207 808/689/207 1742/774/207 840/723/207
f 808/689/207 185/688/207 852/775/207 1742/774/207
f 853/779/206 1743/770/206 829/773/206 193/780/206
f 178/692/206 800/685/206 1743/770/206 853/779/206
f 800/685/206 177/684/206 851/771/206 1743/770/206
f 852/775/205 1744/766/205 836/769/205 200/776/205
f 185/688/205 807/681/205 1744/766/205 852/775/205
f 807/681/205 184/680/205 850/767/205 1744/766/205
f 851/771/204 1745/762/204 828/765/204 192/772/204
f 177/684/204 799/677/204 1745/762/204 851/771/204
f 799/677/204 176/676/204 849/763/204 1745/762/204
f 850/767/203 1746/758/203 835/761/203 199/768/203
f 184/680/203 806/673/203 1746/758/203 850/767/203
f 806/673/203 183/672/203 848/759/203 1746/758/203
f 849/763/202 1747/754/202 827/757/202 191/764/202
f 176/676/202 798/669/202 1747/754/202 849/763/202
f 798/669/202 175/668/202 847/755/202 1747/754/202
f 848/759/201 1748/750/201 834/753/201 198/760/201
f 183/672/201 805/665/201 1748/750/201 848/759/201
f 805/665/201 182/664/201 846/751/201 1748/750/201
f 847/755/200 1749/746/200 826/749/200 190/756/200
f 175/668/200 797/721/200 1749/746/200 847/755/200
f 797/721/200 174/720/200 845/747/200 1749/746/200
f 846/751/199 1750/742/199 833/745/199 197/752/199
f 182/664/199 804/717/199 1750/742/199 846/751/199
f 804/717/199 181/716/199 844/743/199 1750/742/199
f 845/747/198 1751/739/198 825/741/198 189/748/198
f 174/720/198 796/713/198 1751/739/198 845/747/198
f 796/713/198 173/712/198 843/731/198 1751/739/198
f 844/743/197 1752/735/197 832/738/197 196/744/197
f 181/716/197 803/710/197 1752/735/197 844/743/197
f 803/710/197 180/709/197 841/736/197 1752/735/197
f 1433/734/196 839/2027/196 202/2024/196
f 1433/734/196 1431/733/196 839/2027/196
f 1431/733/196 187/2028/196 839/2027/196
f 843/731/195 1432/2029/195 188/740/195
f 843/731/195 1430/730/195 1432/2029/195
f 1430/730/195 82/2030/195 1432/2029/195
f 841/736/194 1753/726/194 831/729/194 195/737/194
f 180/709/194 802/701/194 1753/726/194 841/736/194
f 802/701/194 179/700/194 842/727/194 1753/726/194
f 839/2027/193 1754/722/193 838/725/193 202/2024/193
f 187/2028/528 809/697/528 1754/722/528 839/2027/528
f 809/697/193 186/696/193 840/723/193 1754/722/193
f 813/667/192 1755/718/192 797/721/192 175/668/192
f 160/644/192 768/637/192 1755/718/192 813/667/192
f 768/637/192 159/636/192 824/719/192 1755/718/192
f 811/663/191 1756/714/191 804/717/191 182/664/191
f 167/640/191 775/633/191 1756/714/191 811/663/191
f 775/633/191 166/632/191 823/715/191 1756/714/191
f 824/719/190 1757/711/190 796/713/190 174/720/190
f 159/636/190 767/629/190 1757/711/190 824/719/190
f 767/629/190 158/628/190 822/703/190 1757/711/190
f 823/715/189 1758/707/189 803/710/189 181/716/189
f 166/632/189 774/626/189 1758/707/189 823/715/189
f 774/626/189 165/625/189 821/708/189 1758/707/189
f 1431/706/188 820/2031/188 187/2028/188
f 1431/706/188 1429/705/188 820/2031/188
f 1429/705/188 172/2032/188 820/2031/188
f 822/703/187 1430/2033/187 173/712/187
f 822/703/187 1428/702/187 1430/2033/187
f 1428/702/187 82/2034/187 1430/2033/187
f 821/708/186 1759/698/186 802/701/186 180/709/186
f 165/625/186 773/617/186 1759/698/186 821/708/186
f 773/617/186 164/616/186 819/699/186 1759/698/186
f 820/2031/185 1760/694/185 809/697/185 187/2028/185
f 172/2032/185 780/613/185 1760/694/185 820/2031/185
f 780/613/185 171/612/185 818/695/185 1760/694/185
f 819/699/184 1761/690/184 801/693/184 179/700/184
f 164/616/184 772/609/184 1761/690/184 819/699/184
f 772/609/184 163/608/184 817/691/184 1761/690/184
f 818/695/183 1762/686/183 808/689/183 186/696/183
f 171/612/183 779/605/183 1762/686/183 818/695/183
f 779/605/183 170/604/183 816/687/183 1762/686/183
f 817/691/182 1763/682/182 800/685/182 178/692/182
f 163/608/182 771/661/182 1763/682/182 817/691/182
f 771/661/182 162/660/182 815/683/182 1763/682/182
f 816/687/181 1764/678/181 807/681/181 185/688/181
f 170/604/181 778/657/181 1764/678/181 816/687/181
f 778/657/181 169/656/181 814/679/181 1764/678/181
f 815/683/180 1765/674/180 799/677/180 177/684/180
f 162/660/180 770/653/180 1765/674/180 815/683/180
f 770/653/180 161/652/180 812/675/180 1765/674/180
f 814/679/179 1766/670/179 806/673/179 184/680/179
f 169/656/179 777/649/179 1766/670/179 814/679/179
f 777/649/179 168/648/179 810/671/179 1766/670/179
f 812/675/178 1767/666/178 798/669/178 176/676/178
f 161/652/178 769/645/178 1767/666/178 812/675/178
f 769/645/178 160/644/178 813/667/178 1767/666/178
f 810/671/177 1768/662/177 805/665/177 183/672/177
f 168/648/177 776/641/177 1768/662/177 810/671/177
f 776/641/177 167/640/177 811/663/177 1768/662/177
f 784/607/176 1769/658/176 771/661/176 163/608/176
f 148/580/176 742/573/176 1769/658/176 784/607/176
f 742/573/176 147/572/176 795/659/176 1769/658/176
f 782/603/175 1770/654/175 778/657/175 170/604/175
f 155/576/175 749/569/175 1770/654/175 782/603/175
f 749/569/175 154/568/175 794/655/175 1770/654/175
f 795/659/174 1771/650/174 770/653/174 162/660/174
f 147/572/174 741/565/174 1771/650/174 795/659/174
f 741/565/174 146/564/174 793/651/174 1771/650/174
f 794/655/173 1772/646/173 777/649/173 169/656/173
f 154/568/173 748/561/173 1772/646/173 794/655/173
f 748/561/173 153/560/173 792/647/173 1772/646/173
f 793/651/172 1773/642/172 769/645/172 161/652/172
f 146/564/172 740/557/172 1773/642/172 793/651/172
f 740/557/172 145/556/172 791/643/172 1773/642/172
f 792/647/171 1774/638/171 776/641/171 168/648/171
f 153/560/171 747/553/171 1774/638/171 792/647/171
f 747/553/171 152/552/171 790/639/171 1774/638/171
f 791/643/529 1775/634/529 768/637/529 160/644/529
f 145/556/529 739/549/529 1775/634/529 791/643/529
f 739/549/170 144/548/170 789/635/170 1775/634/170
f 790/639/169 1776/630/169 775/633/169 167/640/169
f 152/552/169 746/545/169 1776/630/169 790/639/169
f 746/545/169 151/544/169 788/631/169 1776/630/169
f 789/635/168 1777/627/168 767/629/168 159/636/168
f 144/548/168 738/601/168 1777/627/168 789/635/168
f 738/601/168 143/600/168 787/619/168 1777/627/168
f 788/631/167 1778/623/167 774/626/167 166/632/167
f 151/544/167 745/598/167 1778/623/167 788/631/167
f 745/598/167 150/597/167 786/624/167 1778/623/167
f 1429/622/166 785/2035/166 172/2032/166
f 1429/622/166 1427/621/166 785/2035/166
f 1427/621/166 157/2036/166 785/2035/166
f 787/619/165 1428/2037/165 158/628/165
f 787/619/165 1426/618/165 1428/2037/165
f 1426/618/165 82/2038/165 1428/2037/165
f 786/624/164 1779/614/164 773/617/164 165/625/164
f 150/597/164 744/589/164 1779/614/164 786/624/164
f 744/589/164 149/588/164 783/615/164 1779/614/164
f 785/2035/163 1780/610/163 780/613/163 172/2032/163
f 157/2036/163 751/585/163 1780/610/163 785/2035/163
f 751/585/163 156/584/163 781/611/163 1780/610/163
f 783/615/162 1781/606/162 772/609/162 164/616/162
f 149/588/162 743/581/162 1781/606/162 783/615/162
f 743/581/162 148/580/162 784/607/162 1781/606/162
f 781/611/530 1782/602/530 779/605/530 171/612/530
f 156/584/530 750/577/530 1782/602/530 781/611/530
f 750/577/161 155/576/161 782/603/161 1782/602/161
f 755/547/160 1783/599/160 738/601/160 144/548/160
f 129/520/160 709/513/160 1783/599/160 755/547/160
f 709/513/160 128/512/160 766/591/160 1783/599/160
f 753/543/159 1784/595/159 745/598/159 151/544/159
f 136/516/159 716/510/159 1784/595/159 753/543/159
f 716/510/159 135/509/159 765/596/159 1784/595/159
f 1427/594/158 764/2039/158 157/2036/158
f 1427/594/158 1425/593/158 764/2039/158
f 1425/593/158 142/2040/158 764/2039/158
f 766/591/157 1426/2041/157 143/600/157
f 766/591/157 1424/590/157 1426/2041/157
f 1424/590/157 82/2042/157 1426/2041/157
f 765/596/156 1785/586/156 744/589/156 150/597/156
f 135/509/156 715/501/156 1785/586/156 765/596/156
f 715/501/156 134/500/156 763/587/156 1785/586/156
f 764/2039/155 1786/582/155 751/585/155 157/2036/155
f 142/2040/155 722/497/155 1786/582/155 764/2039/155
f 722/497/155 141/496/155 762/583/155 1786/582/155
f 763/587/154 1787/578/154 743/581/154 149/588/154
f 134/500/154 714/493/154 1787/578/154 763/587/154
f 714/493/154 133/492/154 761/579/154 1787/578/154
f 762/583/153 1788/574/153 750/577/153 156/584/153
f 141/496/153 721/489/153 1788/574/153 762/583/153
f 721/489/153 140/488/153 760/575/153 1788/574/153
f 761/579/152 1789/570/152 742/573/152 148/580/152
f 133/492/152 713/485/152 1789/570/152 761/579/152
f 713/485/152 132/484/152 759/571/152 1789/570/152
f 760/575/151 1790/566/151 749/569/151 155/576/151
f 140/488/151 720/541/151 1790/566/151 760/575/151
f 720/541/151 139/540/151 758/567/151 1790/566/151
f 759/571/150 1791/562/150 741/565/150 147/572/150
f 132/484/150 712/537/150 1791/562/150 759/571/150
f 712/537/150 131/536/150 757/563/150 1791/562/150
f 758/567/149 1792/558/149 748/561/149 154/568/149
f 139/540/149 719/533/149 1792/558/149 758/567/149
f 719/533/149 138/532/149 756/559/149 1792/558/149
f 757/563/148 1793/554/148 740/557/148 146/564/148
f 131/536/148 711/529/148 1793/554/148 757/563/148
f 711/529/148 130/528/148 754/555/148 1793/554/148
f 756/559/147 1794/550/147 747/553/147 153/560/147
f 138/532/147 718/525/147 1794/550/147 756/559/147
f 718/525/147 137/524/147 752/551/147 1794/550/147
f 754/555/146 1795/546/146 739/549/146 145/556/146
f 130/528/146 710/521/146 1795/546/146 754/555/146
f 710/521/146 129/520/146 755/547/146 1795/546/146
f 752/551/145 1796/542/145 746/545/145 152/552/145
f 137/524/145 717/517/145 1796/542/145 752/551/145
f 717/517/145 136/516/145 753/543/145 1796/542/145
f 726/487/144 1797/538/144 720/541/144 140/488/144
f 125/460/144 691/453/144 1797/538/144 726/487/144
f 691/453/144 124/452/144 737/539/144 1797/538/144
f 724/483/143 1798/534/143 712/537/143 132/484/143
f 117/456/143 683/449/143 1798/534/143 724/483/143
f 683/449/143 116/448/143 736/535/143 1798/534/143
f 737/539/142 1799/530/142 719/533/142 139/540/142
f 124/452/142 690/445/142 1799/530/142 737/539/142
f 690/445/142 123/444/142 735/531/142 1799/530/142
f 736/535/141 1800/526/141 711/529/141 131/536/141
f 116/448/141 682/441/141 1800/526/141 736/535/141
f 682/441/141 115/440/141 734/527/141 1800/526/141
f 735/531/140 1801/522/140 718/525/140 138/532/140
f 123/444/140 689/437/140 1801/522/140 735/531/140
f 689/437/140 122/436/140 733/523/140 1801/522/140
f 734/527/139 1802/518/139 710/521/139 130/528/139
f 115/440/139 681/433/139 1802/518/139 734/527/139
f 681/433/139 114/432/139 732/519/139 1802/518/139
f 733/523/138 1803/514/138 717/517/138 137/524/138
f 122/436/138 688/429/138 1803/514/138 733/523/138
f 688/429/138 121/428/138 731/515/138 1803/514/138
f 732/519/137 1804/511/137 709/513/137 129/520/137
f 114/432/137 680/425/137 1804/511/137 732/519/137
f 680/425/137 113/424/137 730/503/137 1804/511/137
f 731/515/531 1805/507/531 716/510/531 136/516/531
f 121/428/531 687/481/531 1805/507/531 731/515/531
f 687/481/136 120/480/136 729/508/136 1805/507/136
f 1425/506/135 728/2043/135 142/2040/135
f 1425/506/135 1423/505/135 728/2043/135
f 1423/505/135 127/2044/135 728/2043/135
f 730/503/134 1424/2045/134 128/512/134
f 730/503/134 1422/502/134 1424/2045/134
f 1422/502/134 82/2046/134 1424/2045/134
f 729/508/532 1806/498/532 715/501/532 135/509/532
f 120/480/532 686/473/532 1806/498/532 729/508/532
f 686/473/133 119/472/133 727/499/133 1806/498/133
f 728/2043/132 1807/494/132 722/497/132 142/2040/132
f 127/2044/132 693/469/132 1807/494/132 728/2043/132
f 693/469/132 126/468/132 725/495/132 1807/494/132
f 727/499/131 1808/490/131 714/493/131 134/500/131
f 119/472/131 685/465/131 1808/490/131 727/499/131
f 685/465/131 118/464/131 723/491/131 1808/490/131
f 725/495/130 1809/486/130 721/489/130 141/496/130
f 126/468/130 692/461/130 1809/486/130 725/495/130
f 692/461/130 125/460/130 726/487/130 1809/486/130
f 723/491/129 1810/482/129 713/485/129 133/492/129
f 118/464/129 684/457/129 1810/482/129 723/491/129
f 684/457/129 117/456/129 724/483/129 1810/482/129
f 697/427/128 1811/478/128 687/481/128 121/428/128
f 106/400/128 658/394/128 1811/478/128 697/427/128
f 658/394/128 105/393/128 708/479/128 1811/478/128
f 1423/477/127 707/2047/127 127/2044/127
f 1423/477/127 1421/476/127 707/2047/127
f 1421/476/127 112/2048/127 707/2047/127
f 695/423/126 1422/2049/126 113/424/126
f 695/423/126 1420/474/126 1422/2049/126
f 1420/474/126 82/2050/126 1422/2049/126
f 708/479/125 1812/470/125 686/473/125 120/480/125
f 105/393/125 657/385/125 1812/470/125 708/479/125
f 657/385/125 104/384/125 706/471/125 1812/470/125
f 707/2047/124 1813/466/124 693/469/124 127/2044/124
f 112/2048/124 664/381/124 1813/466/124 707/2047/124
f 664/381/124 111/380/124 705/467/124 1813/466/124
f 706/471/123 1814/462/123 685/465/123 119/472/123
f 104/384/123 656/377/123 1814/462/123 706/471/123
f 656/377/123 103/376/123 704/463/123 1814/462/123
f 705/467/122 1815/458/122 692/461/122 126/468/122
f 111/380/122 663/373/122 1815/458/122 705/467/122
f 663/373/122 110/372/122 703/459/122 1815/458/122
f 704/463/121 1816/454/121 684/457/121 118/464/121
f 103/376/121 655/369/121 1816/454/121 704/463/121
f 655/369/121 102/368/121 702/455/121 1816/454/121
f 703/459/120 1817/450/120 691/453/120 125/460/120
f 110/372/120 662/365/120 1817/450/120 703/459/120
f 662/365/120 109/364/120 701/451/120 1817/450/120
f 702/455/119 1818/446/119 683/449/119 117/456/119
f 102/368/119 654/421/119 1818/446/119 702/455/119
f 654/421/119 101/420/119 700/447/119 1818/446/119
f 701/451/118 1819/442/118 690/445/118 124/452/118
f 109/364/118 661/417/118 1819/442/118 701/451/118
f 661/417/118 108/416/118 699/443/118 1819/442/118
f 700/447/117 1820/438/117 682/441/117 116/448/117
f 101/420/117 653/413/117 1820/438/117 700/447/117
f 653/413/117 100/412/117 698/439/117 1820/438/117
f 699/443/116 1821/434/116 689/437/116 123/444/116
f 108/416/116 660/409/116 1821/434/116 699/443/116
f 660/409/116 107/408/116 696/435/116 1821/434/116
f 698/439/115 1822/430/115 681/433/115 115/440/115
f 100/412/115 652/405/115 1822/430/115 698/439/115
f 652/405/115 99/404/115 694/431/115 1822/430/115
f 696/435/114 1823/426/114 688/429/114 122/436/114
f 107/408/114 659/401/114 1823/426/114 696/435/114
f 659/401/114 106/400/114 697/427/114 1823/426/114
f 694/431/113 1824/422/113 680/425/113 114/432/113
f 99/404/113 651/397/113 1824/422/113 694/431/113
f 651/397/113 98/396/113 695/423/113 1824/422/113
f 668/367/112 1825/418/112 654/421/112 102/368/112
f 87/340/112 625/333/112 1825/418/112 668/367/112
f 625/333/112 86/332/112 679/419/112 1825/418/112
f 666/363/111 1826/414/111 661/417/111 109/364/111
f 94/336/111 632/329/111 1826/414/111 666/363/111
f 632/329/111 93/328/111 678/415/111 1826/414/111
f 679/419/110 1827/410/110 653/413/110 101/420/110
f 86/332/110 624/325/110 1827/410/110 679/419/110
f 624/325/110 85/324/110 677/411/110 1827/410/110
f 678/415/109 1828/406/109 660/409/109 108/416/109
f 93/328/109 631/321/109 1828/406/109 678/415/109
f 631/321/109 92/320/109 676/407/109 1828/406/109
f 677/411/108 1829/402/108 652/405/108 100/412/108
f 85/324/108 623/317/108 1829/402/108 677/411/108
f 623/317/108 84/316/108 675/403/108 1829/402/108
f 676/407/107 1830/398/107 659/401/107 107/408/107
f 92/320/107 630/313/107 1830/398/107 676/407/107
f 630/313/107 91/312/107 674/399/107 1830/398/107
f 675/403/106 1831/395/106 651/397/106 99/404/106
f 84/316/106 622/309/106 1831/395/106 675/403/106
f 622/309/106 83/308/106 673/387/106 1831/395/106
f 674/399/105 1832/391/105 658/394/105 106/400/105
f 91/312/105 629/305/105 1832/391/105 674/399/105
f 629/305/105 90/304/105 672/392/105 1832/391/105
f 1421/390/104 671/2051/104 112/2048/104
f 1421/390/104 1419/389/104 671/2051/104
f 1419/389/104 97/2052/104 671/2051/104
f 673/387/103 1420/2053/103 98/396/103
f 673/387/103 621/386/103 1420/2053/103
f 621/386/103 82/2054/103 1420/2053/103
f 672/392/102 1833/382/102 657/385/102 105/393/102
f 90/304/102 628/357/102 1833/382/102 672/392/102
f 628/357/102 89/356/102 670/383/102 1833/382/102
f 671/2051/101 1834/378/101 664/381/101 112/2048/101
f 97/2052/101 635/353/101 1834/378/101 671/2051/101
f 635/353/101 96/352/101 669/379/101 1834/378/101
f 670/383/100 1835/374/100 656/377/100 104/384/100
f 89/356/100 627/349/100 1835/374/100 670/383/100
f 627/349/100 88/348/100 667/375/100 1835/374/100
f 669/379/99 1836/370/99 663/373/99 111/380/99
f 96/352/99 634/345/99 1836/370/99 669/379/99
f 634/345/99 95/344/99 665/371/99 1836/370/99
f 667/375/98 1837/366/98 655/369/98 103/376/98
f 88/348/98 626/341/98 1837/366/98 667/375/98
f 626/341/98 87/340/98 668/367/98 1837/366/98
f 665/371/97 1838/362/97 662/365/97 110/372/97
f 95/344/97 633/337/97 1838/362/97 665/371/97
f 633/337/97 94/336/97 666/363/97 1838/362/97
f 1419/361/96 650/2055/96 97/2052/96
f 1419/361/96 1418/360/96 650/2055/96
f 1418/360/96 81/2056/96 650/2055/96
f 639/307/95 621/2057/95 83/308/95
f 639/307/95 1417/358/95 621/2057/95
f 1417/358/95 82/2058/95 621/2057/95
f 637/303/94 1839/354/94 628/357/94 90/304/94
f 74/277/94 598/269/94 1839/354/94 637/303/94
f 598/269/94 73/268/94 649/355/94 1839/354/94
f 650/2055/93 1840/350/93 635/353/93 97/2052/93
f 81/2056/93 605/265/93 1840/350/93 650/2055/93
f 605/265/93 80/264/93 648/351/93 1840/350/93
f 649/355/92 1841/346/92 627/349/92 89/356/92
f 73/268/92 597/261/92 1841/346/92 649/355/92
f 597/261/92 72/260/92 647/347/92 1841/346/92
f 648/351/91 1842/342/91 634/345/91 96/352/91
f 80/264/91 604/257/91 1842/342/91 648/351/91
f 604/257/91 79/256/91 646/343/91 1842/342/91
f 647/347/90 1843/338/90 626/341/90 88/348/90
f 72/260/90 596/253/90 1843/338/90 647/347/90
f 596/253/90 71/252/90 645/339/90 1843/338/90
f 646/343/89 1844/334/89 633/337/89 95/344/89
f 79/256/89 603/249/89 1844/334/89 646/343/89
f 603/249/89 78/248/89 644/335/89 1844/334/89
f 645/339/88 1845/330/88 625/333/88 87/340/88
f 71/252/88 595/245/88 1845/330/88 645/339/88
f 595/245/88 70/244/88 643/331/88 1845/330/88
f 644/335/87 1846/326/87 632/329/87 94/336/87
f 78/248/87 602/301/87 1846/326/87 644/335/87
f 602/301/87 77/300/87 642/327/87 1846/326/87
f 643/331/86 1847/322/86 624/325/86 86/332/86
f 70/244/86 594/297/86 1847/322/86 643/331/86
f 594/297/86 69/296/86 641/323/86 1847/322/86
f 642/327/85 1848/318/85 631/321/85 93/328/85
f 77/300/85 601/293/85 1848/318/85 642/327/85
f 601/293/85 76/292/85 640/319/85 1848/318/85
f 641/323/84 1849/314/84 623/317/84 85/324/84
f 69/296/84 593/289/84 1849/314/84 641/323/84
f 593/289/84 68/288/84 638/315/84 1849/314/84
f 640/319/83 1850/310/83 630/313/83 92/320/83
f 76/292/83 600/285/83 1850/310/83 640/319/83
f 600/285/83 75/284/83 636/311/83 1850/310/83
f 638/315/82 1851/306/82 622/309/82 84/316/82
f 68/288/82 592/281/82 1851/306/82 638/315/82
f 592/281/82 67/280/82 639/307/82 1851/306/82
f 636/311/81 1852/302/81 629/305/81 91/312/81
f 75/284/81 599/278/81 1852/302/81 636/311/81
f 599/278/81 74/277/81 637/303/81 1852/302/81
f 609/247/80 1853/298/80 602/301/80 78/248/80
f 63/220/80 573/213/80 1853/298/80 609/247/80
f 573/213/80 62/212/80 620/299/80 1853/298/80
f 607/243/79 1854/294/79 594/297/79 70/244/79
f 55/216/79 565/209/79 1854/294/79 607/243/79
f 565/209/79 54/208/79 619/295/79 1854/294/79
f 620/299/78 1855/290/78 601/293/78 77/300/78
f 62/212/78 572/205/78 1855/290/78 620/299/78
f 572/205/78 61/204/78 618/291/78 1855/290/78
f 619/295/77 1856/286/77 593/289/77 69/296/77
f 54/208/77 564/201/77 1856/286/77 619/295/77
f 564/201/77 53/200/77 617/287/77 1856/286/77
f 618/291/76 1857/282/76 600/285/76 76/292/76
f 61/204/76 571/197/76 1857/282/76 618/291/76
f 571/197/76 60/196/76 616/283/76 1857/282/76
f 617/287/75 1858/279/75 592/281/75 68/288/75
f 53/200/75 563/193/75 1858/279/75 617/287/75
f 563/193/75 52/192/75 615/271/75 1858/279/75
f 616/283/74 1859/275/74 599/278/74 75/284/74
f 60/196/74 570/190/74 1859/275/74 616/283/74
f 570/190/74 59/189/74 614/276/74 1859/275/74
f 1418/274/73 613/2059/73 81/2056/73
f 1418/274/73 1416/273/73 613/2059/73
f 1416/273/73 66/2060/73 613/2059/73
f 615/271/72 1417/2061/72 67/280/72
f 615/271/72 1415/270/72 1417/2061/72
f 1415/270/72 82/2062/72 1417/2061/72
f 614/276/71 1860/266/71 598/269/71 74/277/71
f 59/189/71 569/241/71 1860/266/71 614/276/71
f 569/241/71 58/240/71 612/267/71 1860/266/71
f 613/2059/70 1861/262/70 605/265/70 81/2056/70
f 66/2060/70 576/237/70 1861/262/70 613/2059/70
f 576/237/70 65/236/70 611/263/70 1861/262/70
f 612/267/69 1862/258/69 597/261/69 73/268/69
f 58/240/69 568/233/69 1862/258/69 612/267/69
f 568/233/69 57/232/69 610/259/69 1862/258/69
f 611/263/68 1863/254/68 604/257/68 80/264/68
f 65/236/68 575/229/68 1863/254/68 611/263/68
f 575/229/68 64/228/68 608/255/68 1863/254/68
f 610/259/67 1864/250/67 596/253/67 72/260/67
f 57/232/67 567/225/67 1864/250/67 610/259/67
f 567/225/67 56/224/67 606/251/67 1864/250/67
f 608/255/66 1865/246/66 603/249/66 79/256/66
f 64/228/66 574/221/66 1865/246/66 608/255/66
f 574/221/66 63/220/66 609/247/66 1865/246/66
f 606/251/65 1866/242/65 595/245/65 71/252/65
f 56/224/65 566/217/65 1866/242/65 606/251/65
f 566/217/65 55/216/65 607/243/65 1866/242/65
f 580/188/64 1867/238/64 569/241/64 59/189/64
f 44/161/64 540/153/64 1867/238/64 580/188/64
f 540/153/64 43/152/64 591/239/64 1867/238/64
f 578/2063/63 1868/234/63 576/237/63 66/2060/63
f 51/2064/63 547/149/63 1868/234/63 578/2063/63
f 547/149/63 50/148/63 590/235/63 1868/234/63
f 591/239/62 1869/230/62 568/233/62 58/240/62
f 43/152/62 539/145/62 1869/230/62 591/239/62
f 539/145/62 42/144/62 589/231/62 1869/230/62
f 590/235/61 1870/226/61 575/229/61 65/236/61
f 50/148/61 546/141/61 1870/226/61 590/235/61
f 546/141/61 49/140/61 588/227/61 1870/226/61
f 589/231/60 1871/222/60 567/225/60 57/232/60
f 42/144/60 538/137/60 1871/222/60 589/231/60
f 538/137/60 41/136/60 587/223/60 1871/222/60
f 588/227/59 1872/218/59 574/221/59 64/228/59
f 49/140/59 545/133/59 1872/218/59 588/227/59
f 545/133/59 48/132/59 586/219/59 1872/218/59
f 587/223/58 1873/214/58 566/217/58 56/224/58
f 41/136/58 537/129/58 1873/214/58 587/223/58
f 537/129/58 40/128/58 585/215/58 1873/214/58
f 586/219/57 1874/210/57 573/213/57 63/220/57
f 48/132/57 544/125/57 1874/210/57 586/219/57
f 544/125/57 47/124/57 584/211/57 1874/210/57
f 585/215/56 1875/206/56 565/209/56 55/216/56
f 40/128/56 536/181/56 1875/206/56 585/215/56
f 536/181/56 39/180/56 583/207/56 1875/206/56
f 584/211/55 1876/202/55 572/205/55 62/212/55
f 47/124/55 543/177/55 1876/202/55 584/211/55
f 543/177/55 46/176/55 582/203/55 1876/202/55
f 583/207/54 1877/198/54 564/201/54 54/208/54
f 39/180/54 535/173/54 1877/198/54 583/207/54
f 535/173/54 38/172/54 581/199/54 1877/198/54
f 582/203/53 1878/194/53 571/197/53 61/204/53
f 46/176/53 542/169/53 1878/194/53 582/203/53
f 542/169/53 45/168/53 579/195/53 1878/194/53
f 581/199/52 1879/191/52 563/193/52 53/200/52
f 38/172/52 534/165/52 1879/191/52 581/199/52
f 534/165/52 37/164/52 577/183/52 1879/191/52
f 579/195/51 1880/187/51 570/190/51 60/196/51
f 45/168/51 541/162/51 1880/187/51 579/195/51
f 541/162/51 44/161/51 580/188/51 1880/187/51
f 1416/186/50 578/2063/50 66/2060/50
f 1416/186/50 1414/185/50 578/2063/50
f 1414/185/50 51/2064/50 578/2063/50
f 577/183/49 1415/2065/49 52/192/49
f 577/183/49 1413/182/49 1415/2065/49
f 1413/182/49 82/2066/49 1415/2065/49
f 551/127/48 1881/178/48 536/181/48 40/128/48
f 25/104/48 507/97/48 1881/178/48 551/127/48
f 507/97/48 24/96/48 562/179/48 1881/178/48
f 549/123/47 1882/174/47 543/177/47 47/124/47
f 32/100/47 514/93/47 1882/174/47 549/123/47
f 514/93/47 31/92/47 561/175/47 1882/174/47
f 562/179/533 1883/170/533 535/173/533 39/180/533
f 24/96/46 506/89/46 1883/170/46 562/179/46
f 506/89/533 23/88/533 560/171/533 1883/170/533
f 561/175/45 1884/166/45 542/169/45 46/176/45
f 31/92/45 513/85/45 1884/166/45 561/175/45
f 513/85/45 30/84/45 559/167/45 1884/166/45
f 560/171/44 1885/163/44 534/165/44 38/172/44
f 23/88/44 505/81/44 1885/163/44 560/171/44
f 505/81/44 22/80/44 558/155/44 1885/163/44
f 559/167/43 1886/159/43 541/162/43 45/168/43
f 30/84/43 512/78/43 1886/159/43 559/167/43
f 512/78/534 29/77/534 557/160/534 1886/159/534
f 1414/158/42 556/2067/42 51/2064/42
f 1414/158/42 1412/157/42 556/2067/42
f 1412/157/42 36/2068/42 556/2067/42
f 558/155/41 1413/2069/41 37/164/41
f 558/155/41 1411/154/41 1413/2069/41
f 1411/154/41 82/2070/41 1413/2069/41
f 557/160/40 1887/150/40 540/153/40 44/161/40
f 29/77/40 511/69/40 1887/150/40 557/160/40
f 511/69/40 28/68/40 555/151/40 1887/150/40
f 556/2067/39 1888/146/39 547/149/39 51/2064/39
f 36/2068/39 518/65/39 1888/146/39 556/2067/39
f 518/65/39 35/64/39 554/147/39 1888/146/39
f 555/151/38 1889/142/38 539/145/38 43/152/38
f 28/68/38 510/121/38 1889/142/38 555/151/38
f 510/121/38 27/120/38 553/143/38 1889/142/38
f 554/147/535 1890/138/535 546/141/535 50/148/535
f 35/64/37 517/117/37 1890/138/37 554/147/37
f 517/117/535 34/116/535 552/139/535 1890/138/535
f 553/143/36 1891/134/36 538/137/36 42/144/36
f 27/120/36 509/113/36 1891/134/36 553/143/36
f 509/113/36 26/112/36 550/135/36 1891/134/36
f 552/139/35 1892/130/35 545/133/35 49/140/35
f 34/116/35 516/109/35 1892/130/35 552/139/35
f 516/109/35 33/108/35 548/131/35 1892/130/35
f 550/135/34 1893/126/34 537/129/34 41/136/34
f 26/112/34 508/105/34 1893/126/34 550/135/34
f 508/105/34 25/104/34 551/127/34 1893/126/34
f 548/131/33 1894/122/33 544/125/33 48/132/33
f 33/108/33 515/101/33 1894/122/33 548/131/33
f 515/101/33 32/100/33 549/123/33 1894/122/33
f 522/67/32 1895/118/32 510/121/32 28/68/32
f 13/55/32 490/48/32 1895/118/32 522/67/32
f 490/48/32 12/47/32 533/119/32 1895/118/32
f 520/63/31 1896/114/31 517/117/31 35/64/31
f 20/51/31 497/44/31 1896/114/31 520/63/31
f 497/44/31 19/43/31 532/115/31 1896/114/31
f 533/119/30 1897/110/30 509/113/30 27/120/30
f 12/47/30 489/40/30 1897/110/30 533/119/30
f 489/40/30 11/39/30 531/111/30 1897/110/30
f 532/115/29 1898/106/29 516/109/29 34/116/29
f 19/43/29 496/36/29 1898/106/29 532/115/29
f 496/36/29 18/35/29 530/107/29 1898/106/29
f 531/111/28 1899/102/28 508/105/28 26/112/28
f 11/39/28 488/32/28 1899/102/28 531/111/28
f 488/32/28 10/31/28 529/103/28 1899/102/28
f 530/107/27 1900/98/27 515/101/27 33/108/27
f 18/35/27 495/28/27 1900/98/27 530/107/27
f 495/28/27 17/27/27 528/99/27 1900/98/27
f 529/103/26 1901/94/26 507/97/26 25/104/26
f 10/31/26 487/24/26 1901/94/26 529/103/26
f 487/24/26 9/23/26 527/95/26 1901/94/26
f 528/99/25 1902/90/25 514/93/25 32/100/25
f 17/27/25 494/20/25 1902/90/25 528/99/25
f 494/20/25 16/19/25 526/91/25 1902/90/25
f 527/95/24 1903/86/24 506/89/24 24/96/24
f 9/23/24 486/16/24 1903/86/24 527/95/24
f 486/16/24 8/15/24 525/87/24 1903/86/24
f 526/91/23 1904/82/23 513/85/23 31/92/23
f 16/19/23 493/12/23 1904/82/23 526/91/23
f 493/12/23 15/11/23 524/83/23 1904/82/23
f 525/87/22 1905/79/22 505/81/22 23/88/22
f 8/15/22 485/8/22 1905/79/22 525/87/22
f 485/8/22 7/7/22 523/71/22 1905/79/22
f 524/83/536 1906/75/536 512/78/536 30/84/536
f 15/11/536 492/4/536 1906/75/536 524/83/536
f 492/4/536 14/3/536 521/76/536 1906/75/536
f 1412/74/20 519/2071/20 36/2068/20
f 1412/74/20 1401/73/20 519/2071/20
f 1401/73/20 21/2072/20 519/2071/20
f 523/71/19 1411/2073/19 22/80/19
f 523/71/19 1400/70/19 1411/2073/19
f 1400/70/19 82/2074/19 1411/2073/19
f 521/76/537 1907/66/537 511/69/537 29/77/537
f 14/3/18 491/56/18 1907/66/18 521/76/18
f 491/56/18 13/55/18 522/67/18 1907/66/18
f 519/2071/17 1908/62/17 518/65/17 36/2068/17
f 21/2072/17 498/52/17 1908/62/17 519/2071/17
f 498/52/17 20/51/17 520/63/17 1908/62/17
f 1401/61/538 1410/2075/538 21/2072/538
f 1401/61/16 1399/60/16 1410/2075/16
f 1399/60/538 482/1923/538 1410/2075/538
f 1403/6/15 1400/2076/15 7/7/15
f 1403/6/539 1390/58/539 1400/2076/539
f 1390/58/15 82/2077/15 1400/2076/15
f 500/2/14 1909/53/14 491/56/14 14/3/14
f 4/1920/540 483/1913/540 1909/53/540 500/2/540
f 483/1913/541 3/1912/541 504/54/541 1909/53/541
f 1410/2075/13 1910/49/13 498/52/13 21/2072/13
f 482/1923/13 1380/1909/13 1910/49/13 1410/2075/13
f 1380/1909/13 481/1908/13 1409/50/13 1910/49/13
f 504/54/12 1911/45/12 490/48/12 13/55/12
f 3/1912/12 1395/1905/12 1911/45/12 504/54/12
f 1395/1905/12 477/1904/12 1408/46/12 1911/45/12
f 1409/50/11 1912/41/11 497/44/11 20/51/11
f 481/1908/11 1379/1901/11 1912/41/11 1409/50/11
f 1379/1901/11 480/1900/11 1407/42/11 1912/41/11
f 1408/46/10 1913/37/10 489/40/10 12/47/10
f 477/1904/10 1394/1897/10 1913/37/10 1408/46/10
f 1394/1897/10 2/1896/10 503/38/10 1913/37/10
f 1407/42/9 1914/33/9 496/36/9 19/43/9
f 480/1900/9 1378/1893/9 1914/33/9 1407/42/9
f 1378/1893/9 479/1892/9 1406/34/9 1914/33/9
f 503/38/8 1915/29/8 488/32/8 11/39/8
f 2/1896/8 1393/1889/8 1915/29/8 503/38/8
f 1393/1889/8 476/1888/8 1405/30/8 1915/29/8
f 1406/34/7 1916/25/7 495/28/7 18/35/7
f 479/1892/7 1398/1885/7 1916/25/7 1406/34/7
f 1398/1885/7 6/1884/7 502/26/7 1916/25/7
f 1405/30/6 1917/21/6 487/24/6 10/31/6
f 476/1888/6 1392/1881/6 1917/21/6 1405/30/6
f 1392/1881/6 1/1880/6 501/22/6 1917/21/6
f 502/26/5 1918/17/5 494/20/5 17/27/5
f 6/1884/5 1397/1877/5 1918/17/5 502/26/5
f 1397/1877/5 478/1876/5 1404/18/5 1918/17/5
f 501/22/4 1919/13/4 486/16/4 9/23/4
f 1/1880/4 1391/1873/4 1919/13/4 501/22/4
f 1391/1873/4 475/1872/4 1402/14/4 1919/13/4
f 1404/18/3 1920/9/3 493/12/3 16/19/3
f 478/1876/3 1396/1869/3 1920/9/3 1404/18/3
f 1396/1869/3 5/1868/3 499/10/3 1920/9/3
f 1402/14/2 1921/5/2 485/8/2 8/15/2
f 475/1872/2 1377/1865/2 1921/5/2 1402/14/2
f 1377/1865/2 474/57/2 1403/6/2 1921/5/2
f 499/10/1 1922/1/1 492/4/1 15/11/1
f 5/1868/542 484/1921/542 1922/1/542 499/10/542
f 484/1921/543 4/1920/543 500/2/543 1922/1/543
